,preds,trained_on,true_labels,test_on
0,"{'label': 'LABEL_0', 'score': 0.9979962706565857}",pun_of_the_day-977,0,pun_of_the_day
1,"{'label': 'LABEL_1', 'score': 0.9970080256462097}",pun_of_the_day-977,1,pun_of_the_day
2,"{'label': 'LABEL_1', 'score': 0.9972035884857178}",pun_of_the_day-977,1,pun_of_the_day
3,"{'label': 'LABEL_1', 'score': 0.99318528175354}",pun_of_the_day-977,1,pun_of_the_day
4,"{'label': 'LABEL_0', 'score': 0.9977902173995972}",pun_of_the_day-977,0,pun_of_the_day
5,"{'label': 'LABEL_0', 'score': 0.9984353184700012}",pun_of_the_day-977,0,pun_of_the_day
6,"{'label': 'LABEL_0', 'score': 0.998490571975708}",pun_of_the_day-977,0,pun_of_the_day
7,"{'label': 'LABEL_1', 'score': 0.9973812699317932}",pun_of_the_day-977,1,pun_of_the_day
8,"{'label': 'LABEL_1', 'score': 0.9971247315406799}",pun_of_the_day-977,1,pun_of_the_day
9,"{'label': 'LABEL_1', 'score': 0.9675359129905701}",pun_of_the_day-977,0,pun_of_the_day
10,"{'label': 'LABEL_1', 'score': 0.9873868823051453}",pun_of_the_day-977,1,pun_of_the_day
11,"{'label': 'LABEL_1', 'score': 0.9980983138084412}",pun_of_the_day-977,1,pun_of_the_day
12,"{'label': 'LABEL_1', 'score': 0.9942649006843567}",pun_of_the_day-977,1,pun_of_the_day
13,"{'label': 'LABEL_0', 'score': 0.9982543587684631}",pun_of_the_day-977,0,pun_of_the_day
14,"{'label': 'LABEL_0', 'score': 0.8153170347213745}",pun_of_the_day-977,0,pun_of_the_day
15,"{'label': 'LABEL_0', 'score': 0.9982354640960693}",pun_of_the_day-977,0,pun_of_the_day
16,"{'label': 'LABEL_0', 'score': 0.9980475902557373}",pun_of_the_day-977,0,pun_of_the_day
17,"{'label': 'LABEL_1', 'score': 0.9899377822875977}",pun_of_the_day-977,1,pun_of_the_day
18,"{'label': 'LABEL_1', 'score': 0.9957485795021057}",pun_of_the_day-977,1,pun_of_the_day
19,"{'label': 'LABEL_1', 'score': 0.9969164133071899}",pun_of_the_day-977,1,pun_of_the_day
20,"{'label': 'LABEL_0', 'score': 0.9982535243034363}",pun_of_the_day-977,0,pun_of_the_day
21,"{'label': 'LABEL_1', 'score': 0.882919430732727}",pun_of_the_day-977,1,pun_of_the_day
22,"{'label': 'LABEL_1', 'score': 0.9975293278694153}",pun_of_the_day-977,1,pun_of_the_day
23,"{'label': 'LABEL_1', 'score': 0.9977795481681824}",pun_of_the_day-977,1,pun_of_the_day
24,"{'label': 'LABEL_1', 'score': 0.8111170530319214}",pun_of_the_day-977,0,pun_of_the_day
25,"{'label': 'LABEL_0', 'score': 0.998370349407196}",pun_of_the_day-977,0,pun_of_the_day
26,"{'label': 'LABEL_0', 'score': 0.9985156655311584}",pun_of_the_day-977,0,pun_of_the_day
27,"{'label': 'LABEL_0', 'score': 0.9970265030860901}",pun_of_the_day-977,0,pun_of_the_day
28,"{'label': 'LABEL_1', 'score': 0.9980556964874268}",pun_of_the_day-977,1,pun_of_the_day
29,"{'label': 'LABEL_0', 'score': 0.998056173324585}",pun_of_the_day-977,0,pun_of_the_day
30,"{'label': 'LABEL_0', 'score': 0.9979684948921204}",pun_of_the_day-977,0,pun_of_the_day
31,"{'label': 'LABEL_0', 'score': 0.9986194372177124}",pun_of_the_day-977,0,pun_of_the_day
32,"{'label': 'LABEL_1', 'score': 0.9980269074440002}",pun_of_the_day-977,1,pun_of_the_day
33,"{'label': 'LABEL_1', 'score': 0.9960260391235352}",pun_of_the_day-977,1,pun_of_the_day
34,"{'label': 'LABEL_0', 'score': 0.998229444026947}",pun_of_the_day-977,0,pun_of_the_day
35,"{'label': 'LABEL_0', 'score': 0.8111104369163513}",pun_of_the_day-977,0,pun_of_the_day
36,"{'label': 'LABEL_0', 'score': 0.9973015785217285}",pun_of_the_day-977,0,pun_of_the_day
37,"{'label': 'LABEL_1', 'score': 0.9952073693275452}",pun_of_the_day-977,1,pun_of_the_day
38,"{'label': 'LABEL_0', 'score': 0.9983386993408203}",pun_of_the_day-977,0,pun_of_the_day
39,"{'label': 'LABEL_1', 'score': 0.9968265891075134}",pun_of_the_day-977,1,pun_of_the_day
40,"{'label': 'LABEL_0', 'score': 0.9983398914337158}",pun_of_the_day-977,0,pun_of_the_day
41,"{'label': 'LABEL_0', 'score': 0.9869297742843628}",pun_of_the_day-977,1,pun_of_the_day
42,"{'label': 'LABEL_0', 'score': 0.9984126091003418}",pun_of_the_day-977,0,pun_of_the_day
43,"{'label': 'LABEL_1', 'score': 0.9844165444374084}",pun_of_the_day-977,1,pun_of_the_day
44,"{'label': 'LABEL_0', 'score': 0.9983618855476379}",pun_of_the_day-977,0,pun_of_the_day
45,"{'label': 'LABEL_1', 'score': 0.9975419044494629}",pun_of_the_day-977,1,pun_of_the_day
46,"{'label': 'LABEL_0', 'score': 0.9981812238693237}",pun_of_the_day-977,0,pun_of_the_day
47,"{'label': 'LABEL_0', 'score': 0.99787437915802}",pun_of_the_day-977,0,pun_of_the_day
48,"{'label': 'LABEL_1', 'score': 0.9975881576538086}",pun_of_the_day-977,1,pun_of_the_day
49,"{'label': 'LABEL_1', 'score': 0.9950506091117859}",pun_of_the_day-977,1,pun_of_the_day
50,"{'label': 'LABEL_1', 'score': 0.9967495203018188}",pun_of_the_day-977,1,pun_of_the_day
51,"{'label': 'LABEL_1', 'score': 0.9957016110420227}",pun_of_the_day-977,1,pun_of_the_day
52,"{'label': 'LABEL_0', 'score': 0.9978513717651367}",pun_of_the_day-977,0,pun_of_the_day
53,"{'label': 'LABEL_0', 'score': 0.997983455657959}",pun_of_the_day-977,0,pun_of_the_day
54,"{'label': 'LABEL_1', 'score': 0.9979560375213623}",pun_of_the_day-977,1,pun_of_the_day
55,"{'label': 'LABEL_1', 'score': 0.9963405132293701}",pun_of_the_day-977,1,pun_of_the_day
56,"{'label': 'LABEL_0', 'score': 0.9357839822769165}",pun_of_the_day-977,0,pun_of_the_day
57,"{'label': 'LABEL_0', 'score': 0.9981622099876404}",pun_of_the_day-977,0,pun_of_the_day
58,"{'label': 'LABEL_1', 'score': 0.9968032836914062}",pun_of_the_day-977,1,pun_of_the_day
59,"{'label': 'LABEL_0', 'score': 0.9978790283203125}",pun_of_the_day-977,0,pun_of_the_day
60,"{'label': 'LABEL_0', 'score': 0.9982958436012268}",pun_of_the_day-977,0,pun_of_the_day
61,"{'label': 'LABEL_0', 'score': 0.9980699419975281}",pun_of_the_day-977,0,pun_of_the_day
62,"{'label': 'LABEL_0', 'score': 0.9982459545135498}",pun_of_the_day-977,0,pun_of_the_day
63,"{'label': 'LABEL_1', 'score': 0.7983130216598511}",pun_of_the_day-977,1,pun_of_the_day
64,"{'label': 'LABEL_1', 'score': 0.9527460336685181}",pun_of_the_day-977,1,pun_of_the_day
65,"{'label': 'LABEL_1', 'score': 0.9649215340614319}",pun_of_the_day-977,0,pun_of_the_day
66,"{'label': 'LABEL_1', 'score': 0.9936512112617493}",pun_of_the_day-977,1,pun_of_the_day
67,"{'label': 'LABEL_0', 'score': 0.9984336495399475}",pun_of_the_day-977,0,pun_of_the_day
68,"{'label': 'LABEL_1', 'score': 0.9974736571311951}",pun_of_the_day-977,1,pun_of_the_day
69,"{'label': 'LABEL_1', 'score': 0.9972224235534668}",pun_of_the_day-977,1,pun_of_the_day
70,"{'label': 'LABEL_0', 'score': 0.9974195957183838}",pun_of_the_day-977,0,pun_of_the_day
71,"{'label': 'LABEL_1', 'score': 0.9951860308647156}",pun_of_the_day-977,1,pun_of_the_day
72,"{'label': 'LABEL_1', 'score': 0.9975998997688293}",pun_of_the_day-977,1,pun_of_the_day
73,"{'label': 'LABEL_0', 'score': 0.9981423616409302}",pun_of_the_day-977,0,pun_of_the_day
74,"{'label': 'LABEL_1', 'score': 0.997361958026886}",pun_of_the_day-977,1,pun_of_the_day
75,"{'label': 'LABEL_0', 'score': 0.9974749684333801}",pun_of_the_day-977,0,pun_of_the_day
76,"{'label': 'LABEL_1', 'score': 0.9973788261413574}",pun_of_the_day-977,1,pun_of_the_day
77,"{'label': 'LABEL_1', 'score': 0.9926879405975342}",pun_of_the_day-977,1,pun_of_the_day
78,"{'label': 'LABEL_0', 'score': 0.9978300929069519}",pun_of_the_day-977,0,pun_of_the_day
79,"{'label': 'LABEL_0', 'score': 0.9970846772193909}",pun_of_the_day-977,0,pun_of_the_day
80,"{'label': 'LABEL_0', 'score': 0.9981714487075806}",pun_of_the_day-977,0,pun_of_the_day
81,"{'label': 'LABEL_0', 'score': 0.9983376264572144}",pun_of_the_day-977,0,pun_of_the_day
82,"{'label': 'LABEL_1', 'score': 0.9943088889122009}",pun_of_the_day-977,1,pun_of_the_day
83,"{'label': 'LABEL_1', 'score': 0.9915112853050232}",pun_of_the_day-977,1,pun_of_the_day
84,"{'label': 'LABEL_1', 'score': 0.9942618608474731}",pun_of_the_day-977,1,pun_of_the_day
85,"{'label': 'LABEL_1', 'score': 0.9968552589416504}",pun_of_the_day-977,1,pun_of_the_day
86,"{'label': 'LABEL_1', 'score': 0.9970629811286926}",pun_of_the_day-977,1,pun_of_the_day
87,"{'label': 'LABEL_1', 'score': 0.9972043633460999}",pun_of_the_day-977,1,pun_of_the_day
88,"{'label': 'LABEL_0', 'score': 0.9983866214752197}",pun_of_the_day-977,0,pun_of_the_day
89,"{'label': 'LABEL_0', 'score': 0.998161256313324}",pun_of_the_day-977,0,pun_of_the_day
90,"{'label': 'LABEL_1', 'score': 0.9976627826690674}",pun_of_the_day-977,1,pun_of_the_day
91,"{'label': 'LABEL_0', 'score': 0.9985621571540833}",pun_of_the_day-977,0,pun_of_the_day
92,"{'label': 'LABEL_1', 'score': 0.99490886926651}",pun_of_the_day-977,1,pun_of_the_day
93,"{'label': 'LABEL_1', 'score': 0.9667168259620667}",pun_of_the_day-977,1,pun_of_the_day
94,"{'label': 'LABEL_1', 'score': 0.9977039694786072}",pun_of_the_day-977,1,pun_of_the_day
95,"{'label': 'LABEL_0', 'score': 0.9983654618263245}",pun_of_the_day-977,0,pun_of_the_day
96,"{'label': 'LABEL_1', 'score': 0.9978938698768616}",pun_of_the_day-977,1,pun_of_the_day
97,"{'label': 'LABEL_1', 'score': 0.997674286365509}",pun_of_the_day-977,1,pun_of_the_day
98,"{'label': 'LABEL_1', 'score': 0.9970782995223999}",pun_of_the_day-977,1,pun_of_the_day
99,"{'label': 'LABEL_1', 'score': 0.9972084164619446}",pun_of_the_day-977,1,pun_of_the_day
100,"{'label': 'LABEL_0', 'score': 0.9984365105628967}",pun_of_the_day-977,0,pun_of_the_day
101,"{'label': 'LABEL_1', 'score': 0.9969923496246338}",pun_of_the_day-977,1,pun_of_the_day
102,"{'label': 'LABEL_0', 'score': 0.9985742568969727}",pun_of_the_day-977,0,pun_of_the_day
103,"{'label': 'LABEL_0', 'score': 0.9963317513465881}",pun_of_the_day-977,0,pun_of_the_day
104,"{'label': 'LABEL_0', 'score': 0.9983651041984558}",pun_of_the_day-977,0,pun_of_the_day
105,"{'label': 'LABEL_0', 'score': 0.9985149502754211}",pun_of_the_day-977,0,pun_of_the_day
106,"{'label': 'LABEL_0', 'score': 0.9979733824729919}",pun_of_the_day-977,0,pun_of_the_day
107,"{'label': 'LABEL_0', 'score': 0.9984695315361023}",pun_of_the_day-977,0,pun_of_the_day
108,"{'label': 'LABEL_1', 'score': 0.9975712895393372}",pun_of_the_day-977,1,pun_of_the_day
109,"{'label': 'LABEL_1', 'score': 0.997847318649292}",pun_of_the_day-977,1,pun_of_the_day
110,"{'label': 'LABEL_0', 'score': 0.9984931945800781}",pun_of_the_day-977,0,pun_of_the_day
111,"{'label': 'LABEL_0', 'score': 0.9983610510826111}",pun_of_the_day-977,0,pun_of_the_day
112,"{'label': 'LABEL_1', 'score': 0.9972493052482605}",pun_of_the_day-977,1,pun_of_the_day
113,"{'label': 'LABEL_1', 'score': 0.5175631046295166}",pun_of_the_day-977,0,pun_of_the_day
114,"{'label': 'LABEL_1', 'score': 0.994176983833313}",pun_of_the_day-977,1,pun_of_the_day
115,"{'label': 'LABEL_1', 'score': 0.9976562261581421}",pun_of_the_day-977,1,pun_of_the_day
116,"{'label': 'LABEL_0', 'score': 0.9968456625938416}",pun_of_the_day-977,0,pun_of_the_day
117,"{'label': 'LABEL_1', 'score': 0.9974285960197449}",pun_of_the_day-977,1,pun_of_the_day
118,"{'label': 'LABEL_0', 'score': 0.9659273624420166}",pun_of_the_day-977,0,pun_of_the_day
119,"{'label': 'LABEL_1', 'score': 0.996529757976532}",pun_of_the_day-977,1,pun_of_the_day
120,"{'label': 'LABEL_1', 'score': 0.996813952922821}",pun_of_the_day-977,1,pun_of_the_day
121,"{'label': 'LABEL_1', 'score': 0.9872932434082031}",pun_of_the_day-977,1,pun_of_the_day
122,"{'label': 'LABEL_1', 'score': 0.9974058270454407}",pun_of_the_day-977,1,pun_of_the_day
123,"{'label': 'LABEL_0', 'score': 0.9981549382209778}",pun_of_the_day-977,0,pun_of_the_day
124,"{'label': 'LABEL_0', 'score': 0.9984233379364014}",pun_of_the_day-977,0,pun_of_the_day
125,"{'label': 'LABEL_1', 'score': 0.9949047565460205}",pun_of_the_day-977,1,pun_of_the_day
126,"{'label': 'LABEL_0', 'score': 0.9985591769218445}",pun_of_the_day-977,0,pun_of_the_day
127,"{'label': 'LABEL_1', 'score': 0.9976723790168762}",pun_of_the_day-977,1,pun_of_the_day
128,"{'label': 'LABEL_1', 'score': 0.997448205947876}",pun_of_the_day-977,1,pun_of_the_day
129,"{'label': 'LABEL_1', 'score': 0.9978569149971008}",pun_of_the_day-977,1,pun_of_the_day
130,"{'label': 'LABEL_0', 'score': 0.9979718327522278}",pun_of_the_day-977,0,pun_of_the_day
131,"{'label': 'LABEL_0', 'score': 0.9983945488929749}",pun_of_the_day-977,0,pun_of_the_day
132,"{'label': 'LABEL_0', 'score': 0.9981256127357483}",pun_of_the_day-977,0,pun_of_the_day
133,"{'label': 'LABEL_0', 'score': 0.9974151849746704}",pun_of_the_day-977,0,pun_of_the_day
134,"{'label': 'LABEL_1', 'score': 0.9733972549438477}",pun_of_the_day-977,1,pun_of_the_day
135,"{'label': 'LABEL_1', 'score': 0.9945683479309082}",pun_of_the_day-977,1,pun_of_the_day
136,"{'label': 'LABEL_1', 'score': 0.9978272318840027}",pun_of_the_day-977,1,pun_of_the_day
137,"{'label': 'LABEL_1', 'score': 0.9966602325439453}",pun_of_the_day-977,1,pun_of_the_day
138,"{'label': 'LABEL_1', 'score': 0.9880992770195007}",pun_of_the_day-977,1,pun_of_the_day
139,"{'label': 'LABEL_0', 'score': 0.9985448122024536}",pun_of_the_day-977,0,pun_of_the_day
140,"{'label': 'LABEL_0', 'score': 0.9979885816574097}",pun_of_the_day-977,0,pun_of_the_day
141,"{'label': 'LABEL_0', 'score': 0.9984270334243774}",pun_of_the_day-977,0,pun_of_the_day
142,"{'label': 'LABEL_1', 'score': 0.9978070855140686}",pun_of_the_day-977,1,pun_of_the_day
143,"{'label': 'LABEL_1', 'score': 0.9369896650314331}",pun_of_the_day-977,1,pun_of_the_day
144,"{'label': 'LABEL_0', 'score': 0.9982790946960449}",pun_of_the_day-977,0,pun_of_the_day
145,"{'label': 'LABEL_0', 'score': 0.9982470273971558}",pun_of_the_day-977,0,pun_of_the_day
146,"{'label': 'LABEL_0', 'score': 0.9597822427749634}",pun_of_the_day-977,0,pun_of_the_day
147,"{'label': 'LABEL_0', 'score': 0.9984970092773438}",pun_of_the_day-977,0,pun_of_the_day
148,"{'label': 'LABEL_0', 'score': 0.9981473684310913}",pun_of_the_day-977,0,pun_of_the_day
149,"{'label': 'LABEL_0', 'score': 0.9975767731666565}",pun_of_the_day-977,0,pun_of_the_day
150,"{'label': 'LABEL_0', 'score': 0.9985049962997437}",pun_of_the_day-977,0,pun_of_the_day
151,"{'label': 'LABEL_0', 'score': 0.9986391663551331}",pun_of_the_day-977,0,pun_of_the_day
152,"{'label': 'LABEL_0', 'score': 0.9982889294624329}",pun_of_the_day-977,0,pun_of_the_day
153,"{'label': 'LABEL_1', 'score': 0.9976744055747986}",pun_of_the_day-977,1,pun_of_the_day
154,"{'label': 'LABEL_0', 'score': 0.9983929991722107}",pun_of_the_day-977,0,pun_of_the_day
155,"{'label': 'LABEL_0', 'score': 0.998363196849823}",pun_of_the_day-977,0,pun_of_the_day
156,"{'label': 'LABEL_0', 'score': 0.9985155463218689}",pun_of_the_day-977,0,pun_of_the_day
157,"{'label': 'LABEL_1', 'score': 0.9592889547348022}",pun_of_the_day-977,1,pun_of_the_day
158,"{'label': 'LABEL_1', 'score': 0.9978255033493042}",pun_of_the_day-977,1,pun_of_the_day
159,"{'label': 'LABEL_1', 'score': 0.997605562210083}",pun_of_the_day-977,1,pun_of_the_day
160,"{'label': 'LABEL_1', 'score': 0.9863828420639038}",pun_of_the_day-977,1,pun_of_the_day
161,"{'label': 'LABEL_1', 'score': 0.9948484897613525}",pun_of_the_day-977,1,pun_of_the_day
162,"{'label': 'LABEL_1', 'score': 0.9942823648452759}",pun_of_the_day-977,1,pun_of_the_day
163,"{'label': 'LABEL_0', 'score': 0.9984797835350037}",pun_of_the_day-977,0,pun_of_the_day
164,"{'label': 'LABEL_1', 'score': 0.9953957200050354}",pun_of_the_day-977,1,pun_of_the_day
165,"{'label': 'LABEL_0', 'score': 0.9982471466064453}",pun_of_the_day-977,0,pun_of_the_day
166,"{'label': 'LABEL_0', 'score': 0.5809677243232727}",pun_of_the_day-977,1,pun_of_the_day
167,"{'label': 'LABEL_0', 'score': 0.9985377788543701}",pun_of_the_day-977,0,pun_of_the_day
168,"{'label': 'LABEL_0', 'score': 0.9979290962219238}",pun_of_the_day-977,0,pun_of_the_day
169,"{'label': 'LABEL_1', 'score': 0.9968948364257812}",pun_of_the_day-977,1,pun_of_the_day
170,"{'label': 'LABEL_1', 'score': 0.9963032007217407}",pun_of_the_day-977,1,pun_of_the_day
171,"{'label': 'LABEL_1', 'score': 0.9974628686904907}",pun_of_the_day-977,1,pun_of_the_day
172,"{'label': 'LABEL_0', 'score': 0.9982655644416809}",pun_of_the_day-977,0,pun_of_the_day
173,"{'label': 'LABEL_0', 'score': 0.9982097148895264}",pun_of_the_day-977,0,pun_of_the_day
174,"{'label': 'LABEL_0', 'score': 0.9981708526611328}",pun_of_the_day-977,0,pun_of_the_day
175,"{'label': 'LABEL_0', 'score': 0.9974853992462158}",pun_of_the_day-977,0,pun_of_the_day
176,"{'label': 'LABEL_0', 'score': 0.9983144998550415}",pun_of_the_day-977,0,pun_of_the_day
177,"{'label': 'LABEL_1', 'score': 0.9975357055664062}",pun_of_the_day-977,1,pun_of_the_day
178,"{'label': 'LABEL_0', 'score': 0.998084545135498}",pun_of_the_day-977,0,pun_of_the_day
179,"{'label': 'LABEL_1', 'score': 0.9944051504135132}",pun_of_the_day-977,1,pun_of_the_day
180,"{'label': 'LABEL_1', 'score': 0.9968186616897583}",pun_of_the_day-977,1,pun_of_the_day
181,"{'label': 'LABEL_0', 'score': 0.9984922409057617}",pun_of_the_day-977,0,pun_of_the_day
182,"{'label': 'LABEL_1', 'score': 0.997769832611084}",pun_of_the_day-977,1,pun_of_the_day
183,"{'label': 'LABEL_1', 'score': 0.9976020455360413}",pun_of_the_day-977,1,pun_of_the_day
184,"{'label': 'LABEL_0', 'score': 0.9931899905204773}",pun_of_the_day-977,0,pun_of_the_day
185,"{'label': 'LABEL_1', 'score': 0.9975191354751587}",pun_of_the_day-977,1,pun_of_the_day
186,"{'label': 'LABEL_1', 'score': 0.9947775602340698}",pun_of_the_day-977,1,pun_of_the_day
187,"{'label': 'LABEL_1', 'score': 0.9971603155136108}",pun_of_the_day-977,1,pun_of_the_day
188,"{'label': 'LABEL_0', 'score': 0.9976657629013062}",pun_of_the_day-977,0,pun_of_the_day
189,"{'label': 'LABEL_0', 'score': 0.9985998272895813}",pun_of_the_day-977,0,pun_of_the_day
190,"{'label': 'LABEL_1', 'score': 0.9959751963615417}",pun_of_the_day-977,1,pun_of_the_day
191,"{'label': 'LABEL_0', 'score': 0.998302698135376}",pun_of_the_day-977,0,pun_of_the_day
192,"{'label': 'LABEL_0', 'score': 0.7097162008285522}",pun_of_the_day-977,0,pun_of_the_day
193,"{'label': 'LABEL_0', 'score': 0.9983850717544556}",pun_of_the_day-977,0,pun_of_the_day
194,"{'label': 'LABEL_1', 'score': 0.5647117495536804}",pun_of_the_day-977,1,pun_of_the_day
195,"{'label': 'LABEL_0', 'score': 0.9985443353652954}",pun_of_the_day-977,0,pun_of_the_day
196,"{'label': 'LABEL_1', 'score': 0.9927194118499756}",pun_of_the_day-977,1,pun_of_the_day
197,"{'label': 'LABEL_0', 'score': 0.9262849688529968}",pun_of_the_day-977,0,pun_of_the_day
198,"{'label': 'LABEL_1', 'score': 0.9979138970375061}",pun_of_the_day-977,1,pun_of_the_day
199,"{'label': 'LABEL_0', 'score': 0.9983229041099548}",pun_of_the_day-977,0,pun_of_the_day
200,"{'label': 'LABEL_0', 'score': 0.998150646686554}",pun_of_the_day-977,0,pun_of_the_day
201,"{'label': 'LABEL_0', 'score': 0.9982652068138123}",pun_of_the_day-977,0,pun_of_the_day
202,"{'label': 'LABEL_1', 'score': 0.9889652729034424}",pun_of_the_day-977,1,pun_of_the_day
203,"{'label': 'LABEL_1', 'score': 0.9974473714828491}",pun_of_the_day-977,1,pun_of_the_day
204,"{'label': 'LABEL_1', 'score': 0.9965391159057617}",pun_of_the_day-977,1,pun_of_the_day
205,"{'label': 'LABEL_1', 'score': 0.8966888785362244}",pun_of_the_day-977,1,pun_of_the_day
206,"{'label': 'LABEL_1', 'score': 0.9970126152038574}",pun_of_the_day-977,1,pun_of_the_day
207,"{'label': 'LABEL_1', 'score': 0.9973711967468262}",pun_of_the_day-977,1,pun_of_the_day
208,"{'label': 'LABEL_0', 'score': 0.9985137581825256}",pun_of_the_day-977,0,pun_of_the_day
209,"{'label': 'LABEL_1', 'score': 0.9968602657318115}",pun_of_the_day-977,1,pun_of_the_day
210,"{'label': 'LABEL_1', 'score': 0.9955489635467529}",pun_of_the_day-977,1,pun_of_the_day
211,"{'label': 'LABEL_1', 'score': 0.9952272176742554}",pun_of_the_day-977,1,pun_of_the_day
212,"{'label': 'LABEL_1', 'score': 0.996975302696228}",pun_of_the_day-977,1,pun_of_the_day
213,"{'label': 'LABEL_1', 'score': 0.9973315000534058}",pun_of_the_day-977,1,pun_of_the_day
214,"{'label': 'LABEL_1', 'score': 0.9956525564193726}",pun_of_the_day-977,1,pun_of_the_day
215,"{'label': 'LABEL_0', 'score': 0.9982622265815735}",pun_of_the_day-977,0,pun_of_the_day
216,"{'label': 'LABEL_1', 'score': 0.9909458160400391}",pun_of_the_day-977,1,pun_of_the_day
217,"{'label': 'LABEL_0', 'score': 0.9984650611877441}",pun_of_the_day-977,0,pun_of_the_day
218,"{'label': 'LABEL_1', 'score': 0.997706413269043}",pun_of_the_day-977,1,pun_of_the_day
219,"{'label': 'LABEL_1', 'score': 0.9968283772468567}",pun_of_the_day-977,1,pun_of_the_day
220,"{'label': 'LABEL_0', 'score': 0.998204231262207}",pun_of_the_day-977,0,pun_of_the_day
221,"{'label': 'LABEL_1', 'score': 0.9905161261558533}",pun_of_the_day-977,1,pun_of_the_day
222,"{'label': 'LABEL_0', 'score': 0.9982960820198059}",pun_of_the_day-977,0,pun_of_the_day
223,"{'label': 'LABEL_1', 'score': 0.985089123249054}",pun_of_the_day-977,1,pun_of_the_day
224,"{'label': 'LABEL_1', 'score': 0.993263304233551}",pun_of_the_day-977,1,pun_of_the_day
225,"{'label': 'LABEL_1', 'score': 0.9975466132164001}",pun_of_the_day-977,1,pun_of_the_day
226,"{'label': 'LABEL_0', 'score': 0.9970965385437012}",pun_of_the_day-977,0,pun_of_the_day
227,"{'label': 'LABEL_0', 'score': 0.9979693293571472}",pun_of_the_day-977,0,pun_of_the_day
228,"{'label': 'LABEL_0', 'score': 0.9978528022766113}",pun_of_the_day-977,0,pun_of_the_day
229,"{'label': 'LABEL_1', 'score': 0.997557520866394}",pun_of_the_day-977,1,pun_of_the_day
230,"{'label': 'LABEL_1', 'score': 0.9944438338279724}",pun_of_the_day-977,1,pun_of_the_day
231,"{'label': 'LABEL_1', 'score': 0.9954055547714233}",pun_of_the_day-977,1,pun_of_the_day
232,"{'label': 'LABEL_0', 'score': 0.9981968998908997}",pun_of_the_day-977,0,pun_of_the_day
233,"{'label': 'LABEL_0', 'score': 0.9830938577651978}",pun_of_the_day-977,0,pun_of_the_day
234,"{'label': 'LABEL_0', 'score': 0.9980053305625916}",pun_of_the_day-977,0,pun_of_the_day
235,"{'label': 'LABEL_1', 'score': 0.9980369210243225}",pun_of_the_day-977,1,pun_of_the_day
236,"{'label': 'LABEL_0', 'score': 0.9979565143585205}",pun_of_the_day-977,0,pun_of_the_day
237,"{'label': 'LABEL_1', 'score': 0.9978674650192261}",pun_of_the_day-977,1,pun_of_the_day
238,"{'label': 'LABEL_0', 'score': 0.998112678527832}",pun_of_the_day-977,0,pun_of_the_day
239,"{'label': 'LABEL_0', 'score': 0.997969925403595}",pun_of_the_day-977,0,pun_of_the_day
240,"{'label': 'LABEL_1', 'score': 0.9970887303352356}",pun_of_the_day-977,1,pun_of_the_day
241,"{'label': 'LABEL_0', 'score': 0.9981439113616943}",pun_of_the_day-977,0,pun_of_the_day
242,"{'label': 'LABEL_1', 'score': 0.997403085231781}",pun_of_the_day-977,1,pun_of_the_day
243,"{'label': 'LABEL_0', 'score': 0.9980043768882751}",pun_of_the_day-977,0,pun_of_the_day
244,"{'label': 'LABEL_0', 'score': 0.9986326098442078}",pun_of_the_day-977,0,pun_of_the_day
245,"{'label': 'LABEL_0', 'score': 0.9981902241706848}",pun_of_the_day-977,0,pun_of_the_day
246,"{'label': 'LABEL_1', 'score': 0.9978051781654358}",pun_of_the_day-977,1,pun_of_the_day
247,"{'label': 'LABEL_0', 'score': 0.9983400106430054}",pun_of_the_day-977,0,pun_of_the_day
248,"{'label': 'LABEL_1', 'score': 0.9232417941093445}",pun_of_the_day-977,1,pun_of_the_day
249,"{'label': 'LABEL_1', 'score': 0.8514197468757629}",pun_of_the_day-977,1,pun_of_the_day
250,"{'label': 'LABEL_1', 'score': 0.9976772665977478}",pun_of_the_day-977,1,pun_of_the_day
251,"{'label': 'LABEL_0', 'score': 0.9984588623046875}",pun_of_the_day-977,0,pun_of_the_day
252,"{'label': 'LABEL_1', 'score': 0.9904569983482361}",pun_of_the_day-977,1,pun_of_the_day
253,"{'label': 'LABEL_0', 'score': 0.9985648989677429}",pun_of_the_day-977,0,pun_of_the_day
254,"{'label': 'LABEL_0', 'score': 0.9984013438224792}",pun_of_the_day-977,0,pun_of_the_day
255,"{'label': 'LABEL_0', 'score': 0.9981122016906738}",pun_of_the_day-977,0,pun_of_the_day
256,"{'label': 'LABEL_0', 'score': 0.9979975819587708}",pun_of_the_day-977,0,pun_of_the_day
257,"{'label': 'LABEL_0', 'score': 0.998443067073822}",pun_of_the_day-977,0,pun_of_the_day
258,"{'label': 'LABEL_1', 'score': 0.9976533055305481}",pun_of_the_day-977,1,pun_of_the_day
259,"{'label': 'LABEL_1', 'score': 0.9701141119003296}",pun_of_the_day-977,1,pun_of_the_day
260,"{'label': 'LABEL_0', 'score': 0.9984055161476135}",pun_of_the_day-977,0,pun_of_the_day
261,"{'label': 'LABEL_0', 'score': 0.9982984662055969}",pun_of_the_day-977,0,pun_of_the_day
262,"{'label': 'LABEL_1', 'score': 0.9734804034233093}",pun_of_the_day-977,1,pun_of_the_day
263,"{'label': 'LABEL_0', 'score': 0.9979717135429382}",pun_of_the_day-977,0,pun_of_the_day
264,"{'label': 'LABEL_1', 'score': 0.9964556694030762}",pun_of_the_day-977,1,pun_of_the_day
265,"{'label': 'LABEL_0', 'score': 0.9985648989677429}",pun_of_the_day-977,0,pun_of_the_day
266,"{'label': 'LABEL_0', 'score': 0.9980910420417786}",pun_of_the_day-977,0,pun_of_the_day
267,"{'label': 'LABEL_0', 'score': 0.9985350370407104}",pun_of_the_day-977,0,pun_of_the_day
268,"{'label': 'LABEL_1', 'score': 0.9973046779632568}",pun_of_the_day-977,1,pun_of_the_day
269,"{'label': 'LABEL_1', 'score': 0.9973775148391724}",pun_of_the_day-977,1,pun_of_the_day
270,"{'label': 'LABEL_0', 'score': 0.9984325766563416}",pun_of_the_day-977,0,pun_of_the_day
271,"{'label': 'LABEL_1', 'score': 0.9977380037307739}",pun_of_the_day-977,1,pun_of_the_day
272,"{'label': 'LABEL_1', 'score': 0.995964527130127}",pun_of_the_day-977,1,pun_of_the_day
273,"{'label': 'LABEL_0', 'score': 0.9983240962028503}",pun_of_the_day-977,0,pun_of_the_day
274,"{'label': 'LABEL_1', 'score': 0.996091902256012}",pun_of_the_day-977,1,pun_of_the_day
275,"{'label': 'LABEL_1', 'score': 0.9968452453613281}",pun_of_the_day-977,1,pun_of_the_day
276,"{'label': 'LABEL_1', 'score': 0.9977355003356934}",pun_of_the_day-977,1,pun_of_the_day
277,"{'label': 'LABEL_0', 'score': 0.9981409311294556}",pun_of_the_day-977,0,pun_of_the_day
278,"{'label': 'LABEL_1', 'score': 0.9973892569541931}",pun_of_the_day-977,1,pun_of_the_day
279,"{'label': 'LABEL_0', 'score': 0.9984344840049744}",pun_of_the_day-977,0,pun_of_the_day
280,"{'label': 'LABEL_0', 'score': 0.9986864924430847}",pun_of_the_day-977,0,pun_of_the_day
281,"{'label': 'LABEL_1', 'score': 0.9962165951728821}",pun_of_the_day-977,1,pun_of_the_day
282,"{'label': 'LABEL_0', 'score': 0.9979016780853271}",pun_of_the_day-977,0,pun_of_the_day
283,"{'label': 'LABEL_1', 'score': 0.9980079531669617}",pun_of_the_day-977,1,pun_of_the_day
284,"{'label': 'LABEL_0', 'score': 0.9974347949028015}",pun_of_the_day-977,0,pun_of_the_day
285,"{'label': 'LABEL_1', 'score': 0.996933102607727}",pun_of_the_day-977,1,pun_of_the_day
286,"{'label': 'LABEL_0', 'score': 0.9973457455635071}",pun_of_the_day-977,0,pun_of_the_day
287,"{'label': 'LABEL_0', 'score': 0.998431384563446}",pun_of_the_day-977,0,pun_of_the_day
288,"{'label': 'LABEL_1', 'score': 0.997492790222168}",pun_of_the_day-977,1,pun_of_the_day
289,"{'label': 'LABEL_1', 'score': 0.5663504004478455}",pun_of_the_day-977,1,pun_of_the_day
290,"{'label': 'LABEL_1', 'score': 0.9834473133087158}",pun_of_the_day-977,1,pun_of_the_day
291,"{'label': 'LABEL_1', 'score': 0.9968963861465454}",pun_of_the_day-977,1,pun_of_the_day
292,"{'label': 'LABEL_0', 'score': 0.9983236193656921}",pun_of_the_day-977,0,pun_of_the_day
293,"{'label': 'LABEL_1', 'score': 0.99460768699646}",pun_of_the_day-977,1,pun_of_the_day
294,"{'label': 'LABEL_1', 'score': 0.9976121187210083}",pun_of_the_day-977,1,pun_of_the_day
295,"{'label': 'LABEL_0', 'score': 0.9979457259178162}",pun_of_the_day-977,0,pun_of_the_day
296,"{'label': 'LABEL_1', 'score': 0.9842489361763}",pun_of_the_day-977,1,pun_of_the_day
297,"{'label': 'LABEL_0', 'score': 0.9970037341117859}",pun_of_the_day-977,0,pun_of_the_day
298,"{'label': 'LABEL_0', 'score': 0.9986234903335571}",pun_of_the_day-977,0,pun_of_the_day
299,"{'label': 'LABEL_1', 'score': 0.9889205098152161}",pun_of_the_day-977,1,pun_of_the_day
300,"{'label': 'LABEL_0', 'score': 0.9985852241516113}",pun_of_the_day-977,0,pun_of_the_day
301,"{'label': 'LABEL_0', 'score': 0.9984230995178223}",pun_of_the_day-977,0,pun_of_the_day
302,"{'label': 'LABEL_0', 'score': 0.9982922673225403}",pun_of_the_day-977,0,pun_of_the_day
303,"{'label': 'LABEL_1', 'score': 0.9979175925254822}",pun_of_the_day-977,1,pun_of_the_day
304,"{'label': 'LABEL_1', 'score': 0.9979154467582703}",pun_of_the_day-977,1,pun_of_the_day
305,"{'label': 'LABEL_1', 'score': 0.9973287582397461}",pun_of_the_day-977,1,pun_of_the_day
306,"{'label': 'LABEL_0', 'score': 0.9982233643531799}",pun_of_the_day-977,0,pun_of_the_day
307,"{'label': 'LABEL_0', 'score': 0.99836665391922}",pun_of_the_day-977,0,pun_of_the_day
308,"{'label': 'LABEL_0', 'score': 0.9984489679336548}",pun_of_the_day-977,0,pun_of_the_day
309,"{'label': 'LABEL_0', 'score': 0.9982985854148865}",pun_of_the_day-977,0,pun_of_the_day
310,"{'label': 'LABEL_0', 'score': 0.9984294772148132}",pun_of_the_day-977,0,pun_of_the_day
311,"{'label': 'LABEL_1', 'score': 0.9974554181098938}",pun_of_the_day-977,1,pun_of_the_day
312,"{'label': 'LABEL_1', 'score': 0.9970582723617554}",pun_of_the_day-977,1,pun_of_the_day
313,"{'label': 'LABEL_1', 'score': 0.997583270072937}",pun_of_the_day-977,1,pun_of_the_day
314,"{'label': 'LABEL_0', 'score': 0.9983149766921997}",pun_of_the_day-977,0,pun_of_the_day
315,"{'label': 'LABEL_1', 'score': 0.9978411197662354}",pun_of_the_day-977,1,pun_of_the_day
316,"{'label': 'LABEL_0', 'score': 0.9975333213806152}",pun_of_the_day-977,0,pun_of_the_day
317,"{'label': 'LABEL_0', 'score': 0.9981446266174316}",pun_of_the_day-977,0,pun_of_the_day
318,"{'label': 'LABEL_0', 'score': 0.9983965754508972}",pun_of_the_day-977,0,pun_of_the_day
319,"{'label': 'LABEL_0', 'score': 0.9938967823982239}",pun_of_the_day-977,0,pun_of_the_day
320,"{'label': 'LABEL_1', 'score': 0.9961873888969421}",pun_of_the_day-977,1,pun_of_the_day
321,"{'label': 'LABEL_0', 'score': 0.9983123540878296}",pun_of_the_day-977,0,pun_of_the_day
322,"{'label': 'LABEL_0', 'score': 0.9975665807723999}",pun_of_the_day-977,0,pun_of_the_day
323,"{'label': 'LABEL_1', 'score': 0.9980171918869019}",pun_of_the_day-977,1,pun_of_the_day
324,"{'label': 'LABEL_1', 'score': 0.9949042797088623}",pun_of_the_day-977,1,pun_of_the_day
325,"{'label': 'LABEL_0', 'score': 0.9982628226280212}",pun_of_the_day-977,0,pun_of_the_day
326,"{'label': 'LABEL_0', 'score': 0.9982889294624329}",pun_of_the_day-977,0,pun_of_the_day
327,"{'label': 'LABEL_0', 'score': 0.9982707500457764}",pun_of_the_day-977,0,pun_of_the_day
328,"{'label': 'LABEL_1', 'score': 0.9978336691856384}",pun_of_the_day-977,1,pun_of_the_day
329,"{'label': 'LABEL_1', 'score': 0.9964612126350403}",pun_of_the_day-977,1,pun_of_the_day
330,"{'label': 'LABEL_0', 'score': 0.9982060194015503}",pun_of_the_day-977,0,pun_of_the_day
331,"{'label': 'LABEL_0', 'score': 0.9986107349395752}",pun_of_the_day-977,0,pun_of_the_day
332,"{'label': 'LABEL_0', 'score': 0.9984437823295593}",pun_of_the_day-977,0,pun_of_the_day
333,"{'label': 'LABEL_1', 'score': 0.9981784820556641}",pun_of_the_day-977,1,pun_of_the_day
334,"{'label': 'LABEL_1', 'score': 0.9958040118217468}",pun_of_the_day-977,1,pun_of_the_day
335,"{'label': 'LABEL_0', 'score': 0.997999370098114}",pun_of_the_day-977,0,pun_of_the_day
336,"{'label': 'LABEL_1', 'score': 0.968851625919342}",pun_of_the_day-977,1,pun_of_the_day
337,"{'label': 'LABEL_0', 'score': 0.9986283779144287}",pun_of_the_day-977,0,pun_of_the_day
338,"{'label': 'LABEL_1', 'score': 0.9979174733161926}",pun_of_the_day-977,1,pun_of_the_day
339,"{'label': 'LABEL_0', 'score': 0.9985697269439697}",pun_of_the_day-977,0,pun_of_the_day
340,"{'label': 'LABEL_0', 'score': 0.9979957342147827}",pun_of_the_day-977,0,pun_of_the_day
341,"{'label': 'LABEL_1', 'score': 0.9980231523513794}",pun_of_the_day-977,1,pun_of_the_day
342,"{'label': 'LABEL_0', 'score': 0.9982640147209167}",pun_of_the_day-977,0,pun_of_the_day
343,"{'label': 'LABEL_1', 'score': 0.9936988353729248}",pun_of_the_day-977,1,pun_of_the_day
344,"{'label': 'LABEL_1', 'score': 0.9979839324951172}",pun_of_the_day-977,1,pun_of_the_day
345,"{'label': 'LABEL_1', 'score': 0.9948132038116455}",pun_of_the_day-977,1,pun_of_the_day
346,"{'label': 'LABEL_0', 'score': 0.9978063702583313}",pun_of_the_day-977,0,pun_of_the_day
347,"{'label': 'LABEL_1', 'score': 0.9968971014022827}",pun_of_the_day-977,1,pun_of_the_day
348,"{'label': 'LABEL_1', 'score': 0.9977071285247803}",pun_of_the_day-977,1,pun_of_the_day
349,"{'label': 'LABEL_0', 'score': 0.9983317255973816}",pun_of_the_day-977,0,pun_of_the_day
350,"{'label': 'LABEL_1', 'score': 0.9974005222320557}",pun_of_the_day-977,1,pun_of_the_day
351,"{'label': 'LABEL_1', 'score': 0.9977165460586548}",pun_of_the_day-977,1,pun_of_the_day
352,"{'label': 'LABEL_0', 'score': 0.9982374906539917}",pun_of_the_day-977,0,pun_of_the_day
353,"{'label': 'LABEL_0', 'score': 0.9982439279556274}",pun_of_the_day-977,0,pun_of_the_day
354,"{'label': 'LABEL_1', 'score': 0.9972962737083435}",pun_of_the_day-977,1,pun_of_the_day
355,"{'label': 'LABEL_0', 'score': 0.9966822266578674}",pun_of_the_day-977,0,pun_of_the_day
356,"{'label': 'LABEL_0', 'score': 0.9982366561889648}",pun_of_the_day-977,0,pun_of_the_day
357,"{'label': 'LABEL_1', 'score': 0.9953730702400208}",pun_of_the_day-977,1,pun_of_the_day
358,"{'label': 'LABEL_0', 'score': 0.7301348447799683}",pun_of_the_day-977,1,pun_of_the_day
359,"{'label': 'LABEL_0', 'score': 0.9983692765235901}",pun_of_the_day-977,0,pun_of_the_day
360,"{'label': 'LABEL_0', 'score': 0.9984691739082336}",pun_of_the_day-977,0,pun_of_the_day
361,"{'label': 'LABEL_1', 'score': 0.9968588352203369}",pun_of_the_day-977,1,pun_of_the_day
362,"{'label': 'LABEL_1', 'score': 0.9977055191993713}",pun_of_the_day-977,1,pun_of_the_day
363,"{'label': 'LABEL_0', 'score': 0.9984708428382874}",pun_of_the_day-977,0,pun_of_the_day
364,"{'label': 'LABEL_1', 'score': 0.9965608716011047}",pun_of_the_day-977,1,pun_of_the_day
365,"{'label': 'LABEL_1', 'score': 0.9964176416397095}",pun_of_the_day-977,1,pun_of_the_day
366,"{'label': 'LABEL_0', 'score': 0.9978278279304504}",pun_of_the_day-977,0,pun_of_the_day
367,"{'label': 'LABEL_0', 'score': 0.9984601736068726}",pun_of_the_day-977,0,pun_of_the_day
368,"{'label': 'LABEL_0', 'score': 0.997983455657959}",pun_of_the_day-977,0,pun_of_the_day
369,"{'label': 'LABEL_1', 'score': 0.9974457025527954}",pun_of_the_day-977,1,pun_of_the_day
370,"{'label': 'LABEL_0', 'score': 0.9985509514808655}",pun_of_the_day-977,0,pun_of_the_day
371,"{'label': 'LABEL_1', 'score': 0.9979141354560852}",pun_of_the_day-977,1,pun_of_the_day
372,"{'label': 'LABEL_0', 'score': 0.9982982277870178}",pun_of_the_day-977,0,pun_of_the_day
373,"{'label': 'LABEL_1', 'score': 0.9948354959487915}",pun_of_the_day-977,1,pun_of_the_day
374,"{'label': 'LABEL_0', 'score': 0.9982478618621826}",pun_of_the_day-977,0,pun_of_the_day
375,"{'label': 'LABEL_1', 'score': 0.9978129863739014}",pun_of_the_day-977,1,pun_of_the_day
376,"{'label': 'LABEL_0', 'score': 0.754479169845581}",pun_of_the_day-977,1,pun_of_the_day
377,"{'label': 'LABEL_1', 'score': 0.9955552220344543}",pun_of_the_day-977,1,pun_of_the_day
378,"{'label': 'LABEL_0', 'score': 0.9972848892211914}",pun_of_the_day-977,0,pun_of_the_day
379,"{'label': 'LABEL_0', 'score': 0.9933480620384216}",pun_of_the_day-977,0,pun_of_the_day
380,"{'label': 'LABEL_1', 'score': 0.9980496168136597}",pun_of_the_day-977,1,pun_of_the_day
381,"{'label': 'LABEL_1', 'score': 0.9971195459365845}",pun_of_the_day-977,1,pun_of_the_day
382,"{'label': 'LABEL_0', 'score': 0.9985552430152893}",pun_of_the_day-977,0,pun_of_the_day
383,"{'label': 'LABEL_1', 'score': 0.9976480603218079}",pun_of_the_day-977,1,pun_of_the_day
384,"{'label': 'LABEL_0', 'score': 0.9986340403556824}",pun_of_the_day-977,0,pun_of_the_day
385,"{'label': 'LABEL_0', 'score': 0.9977996945381165}",pun_of_the_day-977,0,pun_of_the_day
386,"{'label': 'LABEL_0', 'score': 0.9983867406845093}",pun_of_the_day-977,0,pun_of_the_day
387,"{'label': 'LABEL_0', 'score': 0.9979866743087769}",pun_of_the_day-977,0,pun_of_the_day
388,"{'label': 'LABEL_0', 'score': 0.9984101057052612}",pun_of_the_day-977,0,pun_of_the_day
389,"{'label': 'LABEL_1', 'score': 0.9825024604797363}",pun_of_the_day-977,1,pun_of_the_day
390,"{'label': 'LABEL_0', 'score': 0.9983569979667664}",pun_of_the_day-977,0,pun_of_the_day
391,"{'label': 'LABEL_0', 'score': 0.9972360730171204}",pun_of_the_day-977,0,pun_of_the_day
392,"{'label': 'LABEL_1', 'score': 0.9974262118339539}",pun_of_the_day-977,1,pun_of_the_day
393,"{'label': 'LABEL_1', 'score': 0.9975003600120544}",pun_of_the_day-977,1,pun_of_the_day
394,"{'label': 'LABEL_1', 'score': 0.9980801343917847}",pun_of_the_day-977,1,pun_of_the_day
395,"{'label': 'LABEL_1', 'score': 0.9839337468147278}",pun_of_the_day-977,1,pun_of_the_day
396,"{'label': 'LABEL_1', 'score': 0.9979761242866516}",pun_of_the_day-977,1,pun_of_the_day
397,"{'label': 'LABEL_1', 'score': 0.9966750144958496}",pun_of_the_day-977,1,pun_of_the_day
398,"{'label': 'LABEL_1', 'score': 0.99795001745224}",pun_of_the_day-977,1,pun_of_the_day
399,"{'label': 'LABEL_1', 'score': 0.9977428913116455}",pun_of_the_day-977,1,pun_of_the_day
400,"{'label': 'LABEL_1', 'score': 0.9979650974273682}",pun_of_the_day-977,1,pun_of_the_day
401,"{'label': 'LABEL_0', 'score': 0.9982584118843079}",pun_of_the_day-977,0,pun_of_the_day
402,"{'label': 'LABEL_0', 'score': 0.9968672394752502}",pun_of_the_day-977,0,pun_of_the_day
403,"{'label': 'LABEL_0', 'score': 0.9982085227966309}",pun_of_the_day-977,0,pun_of_the_day
404,"{'label': 'LABEL_0', 'score': 0.9984424710273743}",pun_of_the_day-977,0,pun_of_the_day
405,"{'label': 'LABEL_0', 'score': 0.9980085492134094}",pun_of_the_day-977,0,pun_of_the_day
406,"{'label': 'LABEL_0', 'score': 0.9984356760978699}",pun_of_the_day-977,0,pun_of_the_day
407,"{'label': 'LABEL_0', 'score': 0.9982045888900757}",pun_of_the_day-977,0,pun_of_the_day
408,"{'label': 'LABEL_1', 'score': 0.9978052973747253}",pun_of_the_day-977,1,pun_of_the_day
409,"{'label': 'LABEL_0', 'score': 0.9981995820999146}",pun_of_the_day-977,0,pun_of_the_day
410,"{'label': 'LABEL_0', 'score': 0.8260042071342468}",pun_of_the_day-977,1,pun_of_the_day
411,"{'label': 'LABEL_1', 'score': 0.9977579712867737}",pun_of_the_day-977,1,pun_of_the_day
412,"{'label': 'LABEL_1', 'score': 0.9961369633674622}",pun_of_the_day-977,1,pun_of_the_day
413,"{'label': 'LABEL_0', 'score': 0.9983295798301697}",pun_of_the_day-977,0,pun_of_the_day
414,"{'label': 'LABEL_1', 'score': 0.9981772899627686}",pun_of_the_day-977,1,pun_of_the_day
415,"{'label': 'LABEL_0', 'score': 0.9983881711959839}",pun_of_the_day-977,0,pun_of_the_day
416,"{'label': 'LABEL_1', 'score': 0.9981805086135864}",pun_of_the_day-977,1,pun_of_the_day
417,"{'label': 'LABEL_1', 'score': 0.9979185461997986}",pun_of_the_day-977,1,pun_of_the_day
418,"{'label': 'LABEL_1', 'score': 0.9956609606742859}",pun_of_the_day-977,1,pun_of_the_day
419,"{'label': 'LABEL_1', 'score': 0.99772709608078}",pun_of_the_day-977,1,pun_of_the_day
420,"{'label': 'LABEL_0', 'score': 0.9978278279304504}",pun_of_the_day-977,0,pun_of_the_day
421,"{'label': 'LABEL_0', 'score': 0.9984846711158752}",pun_of_the_day-977,0,pun_of_the_day
422,"{'label': 'LABEL_1', 'score': 0.9974617958068848}",pun_of_the_day-977,1,pun_of_the_day
423,"{'label': 'LABEL_1', 'score': 0.9970129728317261}",pun_of_the_day-977,1,pun_of_the_day
424,"{'label': 'LABEL_0', 'score': 0.9976620674133301}",pun_of_the_day-977,0,pun_of_the_day
425,"{'label': 'LABEL_1', 'score': 0.9978766441345215}",pun_of_the_day-977,1,pun_of_the_day
426,"{'label': 'LABEL_1', 'score': 0.9978711605072021}",pun_of_the_day-977,1,pun_of_the_day
427,"{'label': 'LABEL_0', 'score': 0.9978805780410767}",pun_of_the_day-977,0,pun_of_the_day
428,"{'label': 'LABEL_0', 'score': 0.9985785484313965}",pun_of_the_day-977,0,pun_of_the_day
429,"{'label': 'LABEL_1', 'score': 0.9958688020706177}",pun_of_the_day-977,1,pun_of_the_day
430,"{'label': 'LABEL_1', 'score': 0.9959821701049805}",pun_of_the_day-977,1,pun_of_the_day
431,"{'label': 'LABEL_1', 'score': 0.9973897337913513}",pun_of_the_day-977,1,pun_of_the_day
432,"{'label': 'LABEL_1', 'score': 0.9972044825553894}",pun_of_the_day-977,1,pun_of_the_day
433,"{'label': 'LABEL_0', 'score': 0.9982947707176208}",pun_of_the_day-977,0,pun_of_the_day
434,"{'label': 'LABEL_1', 'score': 0.9958807229995728}",pun_of_the_day-977,1,pun_of_the_day
435,"{'label': 'LABEL_0', 'score': 0.998306393623352}",pun_of_the_day-977,0,pun_of_the_day
436,"{'label': 'LABEL_0', 'score': 0.9967617988586426}",pun_of_the_day-977,0,pun_of_the_day
437,"{'label': 'LABEL_0', 'score': 0.9980813264846802}",pun_of_the_day-977,0,pun_of_the_day
438,"{'label': 'LABEL_0', 'score': 0.8102999329566956}",pun_of_the_day-977,0,pun_of_the_day
439,"{'label': 'LABEL_0', 'score': 0.9985906481742859}",pun_of_the_day-977,0,pun_of_the_day
440,"{'label': 'LABEL_1', 'score': 0.9976285099983215}",pun_of_the_day-977,1,pun_of_the_day
441,"{'label': 'LABEL_1', 'score': 0.9969387054443359}",pun_of_the_day-977,1,pun_of_the_day
442,"{'label': 'LABEL_0', 'score': 0.9971961975097656}",pun_of_the_day-977,0,pun_of_the_day
443,"{'label': 'LABEL_1', 'score': 0.9973111152648926}",pun_of_the_day-977,1,pun_of_the_day
444,"{'label': 'LABEL_0', 'score': 0.9983915686607361}",pun_of_the_day-977,0,pun_of_the_day
445,"{'label': 'LABEL_0', 'score': 0.9980460405349731}",pun_of_the_day-977,0,pun_of_the_day
446,"{'label': 'LABEL_0', 'score': 0.99826580286026}",pun_of_the_day-977,0,pun_of_the_day
447,"{'label': 'LABEL_0', 'score': 0.998286783695221}",pun_of_the_day-977,0,pun_of_the_day
448,"{'label': 'LABEL_1', 'score': 0.9975627660751343}",pun_of_the_day-977,1,pun_of_the_day
449,"{'label': 'LABEL_0', 'score': 0.998065173625946}",pun_of_the_day-977,0,pun_of_the_day
450,"{'label': 'LABEL_0', 'score': 0.9982543587684631}",pun_of_the_day-977,0,pun_of_the_day
451,"{'label': 'LABEL_0', 'score': 0.9983729124069214}",pun_of_the_day-977,0,pun_of_the_day
452,"{'label': 'LABEL_1', 'score': 0.9976972937583923}",pun_of_the_day-977,1,pun_of_the_day
453,"{'label': 'LABEL_1', 'score': 0.9955582618713379}",pun_of_the_day-977,1,pun_of_the_day
454,"{'label': 'LABEL_1', 'score': 0.9843662977218628}",pun_of_the_day-977,1,pun_of_the_day
455,"{'label': 'LABEL_0', 'score': 0.997689962387085}",pun_of_the_day-977,0,pun_of_the_day
456,"{'label': 'LABEL_1', 'score': 0.9976811408996582}",pun_of_the_day-977,1,pun_of_the_day
457,"{'label': 'LABEL_0', 'score': 0.998434841632843}",pun_of_the_day-977,0,pun_of_the_day
458,"{'label': 'LABEL_1', 'score': 0.989204466342926}",pun_of_the_day-977,1,pun_of_the_day
459,"{'label': 'LABEL_1', 'score': 0.997796893119812}",pun_of_the_day-977,1,pun_of_the_day
460,"{'label': 'LABEL_1', 'score': 0.9978195428848267}",pun_of_the_day-977,1,pun_of_the_day
461,"{'label': 'LABEL_1', 'score': 0.997731626033783}",pun_of_the_day-977,1,pun_of_the_day
462,"{'label': 'LABEL_0', 'score': 0.9983710646629333}",pun_of_the_day-977,0,pun_of_the_day
463,"{'label': 'LABEL_0', 'score': 0.9982361793518066}",pun_of_the_day-977,0,pun_of_the_day
464,"{'label': 'LABEL_1', 'score': 0.9967727065086365}",pun_of_the_day-977,1,pun_of_the_day
465,"{'label': 'LABEL_1', 'score': 0.9977300763130188}",pun_of_the_day-977,1,pun_of_the_day
466,"{'label': 'LABEL_1', 'score': 0.9971852898597717}",pun_of_the_day-977,1,pun_of_the_day
467,"{'label': 'LABEL_1', 'score': 0.9970561265945435}",pun_of_the_day-977,1,pun_of_the_day
468,"{'label': 'LABEL_1', 'score': 0.9979745745658875}",pun_of_the_day-977,1,pun_of_the_day
469,"{'label': 'LABEL_0', 'score': 0.9983636736869812}",pun_of_the_day-977,0,pun_of_the_day
470,"{'label': 'LABEL_0', 'score': 0.9980645775794983}",pun_of_the_day-977,0,pun_of_the_day
471,"{'label': 'LABEL_1', 'score': 0.9961430430412292}",pun_of_the_day-977,1,pun_of_the_day
472,"{'label': 'LABEL_0', 'score': 0.9983452558517456}",pun_of_the_day-977,0,pun_of_the_day
473,"{'label': 'LABEL_1', 'score': 0.9970266222953796}",pun_of_the_day-977,1,pun_of_the_day
474,"{'label': 'LABEL_0', 'score': 0.9985172152519226}",pun_of_the_day-977,0,pun_of_the_day
475,"{'label': 'LABEL_1', 'score': 0.9974881410598755}",pun_of_the_day-977,1,pun_of_the_day
476,"{'label': 'LABEL_0', 'score': 0.998350977897644}",pun_of_the_day-977,0,pun_of_the_day
477,"{'label': 'LABEL_0', 'score': 0.9983651041984558}",pun_of_the_day-977,0,pun_of_the_day
478,"{'label': 'LABEL_0', 'score': 0.9980547428131104}",pun_of_the_day-977,0,pun_of_the_day
479,"{'label': 'LABEL_1', 'score': 0.9966337084770203}",pun_of_the_day-977,1,pun_of_the_day
480,"{'label': 'LABEL_1', 'score': 0.9978677034378052}",pun_of_the_day-977,1,pun_of_the_day
481,"{'label': 'LABEL_1', 'score': 0.9954202175140381}",pun_of_the_day-977,1,pun_of_the_day
482,"{'label': 'LABEL_0', 'score': 0.9983554482460022}",pun_of_the_day-977,0,pun_of_the_day
483,"{'label': 'LABEL_1', 'score': 0.9628331661224365}",pun_of_the_day-977,1,pun_of_the_day
484,"{'label': 'LABEL_0', 'score': 0.9955018162727356}",pun_of_the_day-977,0,pun_of_the_day
485,"{'label': 'LABEL_0', 'score': 0.9981392621994019}",pun_of_the_day-977,0,pun_of_the_day
486,"{'label': 'LABEL_1', 'score': 0.8498765826225281}",pun_of_the_day-977,1,pun_of_the_day
487,"{'label': 'LABEL_0', 'score': 0.9985231757164001}",pun_of_the_day-977,0,pun_of_the_day
488,"{'label': 'LABEL_1', 'score': 0.9904347658157349}",pun_of_the_day-977,1,pun_of_the_day
489,"{'label': 'LABEL_1', 'score': 0.9962345957756042}",pun_of_the_day-977,1,pun_of_the_day
490,"{'label': 'LABEL_1', 'score': 0.9970301389694214}",pun_of_the_day-977,1,pun_of_the_day
491,"{'label': 'LABEL_0', 'score': 0.9983110427856445}",pun_of_the_day-977,0,pun_of_the_day
492,"{'label': 'LABEL_1', 'score': 0.9969821572303772}",pun_of_the_day-977,1,pun_of_the_day
493,"{'label': 'LABEL_0', 'score': 0.9984394907951355}",pun_of_the_day-977,0,pun_of_the_day
494,"{'label': 'LABEL_0', 'score': 0.998316764831543}",pun_of_the_day-977,0,pun_of_the_day
495,"{'label': 'LABEL_1', 'score': 0.9978827834129333}",pun_of_the_day-977,1,pun_of_the_day
496,"{'label': 'LABEL_1', 'score': 0.9758240580558777}",pun_of_the_day-977,1,pun_of_the_day
497,"{'label': 'LABEL_1', 'score': 0.997376561164856}",pun_of_the_day-977,1,pun_of_the_day
498,"{'label': 'LABEL_1', 'score': 0.7365028858184814}",pun_of_the_day-977,0,pun_of_the_day
499,"{'label': 'LABEL_1', 'score': 0.9974834322929382}",pun_of_the_day-977,1,pun_of_the_day
500,"{'label': 'LABEL_0', 'score': 0.9982104301452637}",pun_of_the_day-977,0,pun_of_the_day
501,"{'label': 'LABEL_1', 'score': 0.9975086450576782}",pun_of_the_day-977,1,pun_of_the_day
502,"{'label': 'LABEL_1', 'score': 0.5392533540725708}",pun_of_the_day-977,0,pun_of_the_day
503,"{'label': 'LABEL_1', 'score': 0.9974169731140137}",pun_of_the_day-977,1,pun_of_the_day
504,"{'label': 'LABEL_0', 'score': 0.9981291890144348}",pun_of_the_day-977,0,pun_of_the_day
505,"{'label': 'LABEL_1', 'score': 0.9973215460777283}",pun_of_the_day-977,1,pun_of_the_day
506,"{'label': 'LABEL_1', 'score': 0.9978129863739014}",pun_of_the_day-977,1,pun_of_the_day
507,"{'label': 'LABEL_0', 'score': 0.9984723925590515}",pun_of_the_day-977,0,pun_of_the_day
508,"{'label': 'LABEL_1', 'score': 0.9976599216461182}",pun_of_the_day-977,1,pun_of_the_day
509,"{'label': 'LABEL_0', 'score': 0.9981807470321655}",pun_of_the_day-977,0,pun_of_the_day
510,"{'label': 'LABEL_1', 'score': 0.9965946078300476}",pun_of_the_day-977,1,pun_of_the_day
511,"{'label': 'LABEL_1', 'score': 0.9977972507476807}",pun_of_the_day-977,1,pun_of_the_day
512,"{'label': 'LABEL_1', 'score': 0.9978950023651123}",pun_of_the_day-977,1,pun_of_the_day
513,"{'label': 'LABEL_1', 'score': 0.9974182844161987}",pun_of_the_day-977,1,pun_of_the_day
514,"{'label': 'LABEL_1', 'score': 0.9961269497871399}",pun_of_the_day-977,1,pun_of_the_day
515,"{'label': 'LABEL_1', 'score': 0.9939164519309998}",pun_of_the_day-977,1,pun_of_the_day
516,"{'label': 'LABEL_0', 'score': 0.998499870300293}",pun_of_the_day-977,0,pun_of_the_day
517,"{'label': 'LABEL_1', 'score': 0.9952167272567749}",pun_of_the_day-977,1,pun_of_the_day
518,"{'label': 'LABEL_1', 'score': 0.9979246854782104}",pun_of_the_day-977,1,pun_of_the_day
519,"{'label': 'LABEL_1', 'score': 0.9933295249938965}",pun_of_the_day-977,1,pun_of_the_day
520,"{'label': 'LABEL_0', 'score': 0.9981988072395325}",pun_of_the_day-977,0,pun_of_the_day
521,"{'label': 'LABEL_0', 'score': 0.9979158043861389}",pun_of_the_day-977,0,pun_of_the_day
522,"{'label': 'LABEL_1', 'score': 0.9976755976676941}",pun_of_the_day-977,1,pun_of_the_day
523,"{'label': 'LABEL_1', 'score': 0.9943716526031494}",pun_of_the_day-977,1,pun_of_the_day
524,"{'label': 'LABEL_0', 'score': 0.9981004595756531}",pun_of_the_day-977,0,pun_of_the_day
525,"{'label': 'LABEL_0', 'score': 0.9980941414833069}",pun_of_the_day-977,0,pun_of_the_day
526,"{'label': 'LABEL_1', 'score': 0.9982239603996277}",pun_of_the_day-977,1,pun_of_the_day
527,"{'label': 'LABEL_1', 'score': 0.9970923662185669}",pun_of_the_day-977,1,pun_of_the_day
528,"{'label': 'LABEL_0', 'score': 0.9982836246490479}",pun_of_the_day-977,0,pun_of_the_day
529,"{'label': 'LABEL_1', 'score': 0.9972579479217529}",pun_of_the_day-977,1,pun_of_the_day
530,"{'label': 'LABEL_1', 'score': 0.585992157459259}",pun_of_the_day-977,0,pun_of_the_day
531,"{'label': 'LABEL_0', 'score': 0.998389720916748}",pun_of_the_day-977,0,pun_of_the_day
532,"{'label': 'LABEL_0', 'score': 0.9984984397888184}",pun_of_the_day-977,0,pun_of_the_day
533,"{'label': 'LABEL_0', 'score': 0.9978975057601929}",pun_of_the_day-977,0,pun_of_the_day
534,"{'label': 'LABEL_0', 'score': 0.9917944073677063}",pun_of_the_day-977,0,pun_of_the_day
535,"{'label': 'LABEL_0', 'score': 0.9980654120445251}",pun_of_the_day-977,0,pun_of_the_day
536,"{'label': 'LABEL_1', 'score': 0.9976592063903809}",pun_of_the_day-977,1,pun_of_the_day
537,"{'label': 'LABEL_0', 'score': 0.9982500672340393}",pun_of_the_day-977,0,pun_of_the_day
538,"{'label': 'LABEL_1', 'score': 0.9964834451675415}",pun_of_the_day-977,1,pun_of_the_day
539,"{'label': 'LABEL_1', 'score': 0.9973995685577393}",pun_of_the_day-977,1,pun_of_the_day
540,"{'label': 'LABEL_0', 'score': 0.9984897375106812}",pun_of_the_day-977,0,pun_of_the_day
541,"{'label': 'LABEL_0', 'score': 0.9981034994125366}",pun_of_the_day-977,0,pun_of_the_day
542,"{'label': 'LABEL_1', 'score': 0.9917830228805542}",pun_of_the_day-977,1,pun_of_the_day
543,"{'label': 'LABEL_0', 'score': 0.998573899269104}",pun_of_the_day-977,0,pun_of_the_day
544,"{'label': 'LABEL_1', 'score': 0.9976271986961365}",pun_of_the_day-977,1,pun_of_the_day
545,"{'label': 'LABEL_0', 'score': 0.6366786956787109}",pun_of_the_day-977,0,pun_of_the_day
546,"{'label': 'LABEL_1', 'score': 0.9972488284111023}",pun_of_the_day-977,1,pun_of_the_day
547,"{'label': 'LABEL_0', 'score': 0.9983730316162109}",pun_of_the_day-977,0,pun_of_the_day
548,"{'label': 'LABEL_0', 'score': 0.9983909130096436}",pun_of_the_day-977,0,pun_of_the_day
549,"{'label': 'LABEL_0', 'score': 0.998489499092102}",pun_of_the_day-977,0,pun_of_the_day
550,"{'label': 'LABEL_0', 'score': 0.9985494017601013}",pun_of_the_day-977,0,pun_of_the_day
551,"{'label': 'LABEL_1', 'score': 0.997612476348877}",pun_of_the_day-977,1,pun_of_the_day
552,"{'label': 'LABEL_1', 'score': 0.9976239800453186}",pun_of_the_day-977,1,pun_of_the_day
553,"{'label': 'LABEL_0', 'score': 0.9969781637191772}",pun_of_the_day-977,0,pun_of_the_day
554,"{'label': 'LABEL_1', 'score': 0.9978533387184143}",pun_of_the_day-977,1,pun_of_the_day
555,"{'label': 'LABEL_1', 'score': 0.9971080422401428}",pun_of_the_day-977,1,pun_of_the_day
556,"{'label': 'LABEL_1', 'score': 0.9980295300483704}",pun_of_the_day-977,1,pun_of_the_day
557,"{'label': 'LABEL_0', 'score': 0.9983114004135132}",pun_of_the_day-977,0,pun_of_the_day
558,"{'label': 'LABEL_0', 'score': 0.9984204769134521}",pun_of_the_day-977,0,pun_of_the_day
559,"{'label': 'LABEL_0', 'score': 0.9984418749809265}",pun_of_the_day-977,0,pun_of_the_day
560,"{'label': 'LABEL_1', 'score': 0.9968942403793335}",pun_of_the_day-977,1,pun_of_the_day
561,"{'label': 'LABEL_1', 'score': 0.9946497082710266}",pun_of_the_day-977,1,pun_of_the_day
562,"{'label': 'LABEL_0', 'score': 0.9937937259674072}",pun_of_the_day-977,0,pun_of_the_day
563,"{'label': 'LABEL_1', 'score': 0.9964799284934998}",pun_of_the_day-977,1,pun_of_the_day
564,"{'label': 'LABEL_1', 'score': 0.9942675828933716}",pun_of_the_day-977,1,pun_of_the_day
565,"{'label': 'LABEL_0', 'score': 0.9982176423072815}",pun_of_the_day-977,0,pun_of_the_day
566,"{'label': 'LABEL_1', 'score': 0.9970189332962036}",pun_of_the_day-977,1,pun_of_the_day
567,"{'label': 'LABEL_1', 'score': 0.9976321458816528}",pun_of_the_day-977,1,pun_of_the_day
568,"{'label': 'LABEL_0', 'score': 0.998166561126709}",pun_of_the_day-977,0,pun_of_the_day
569,"{'label': 'LABEL_1', 'score': 0.9974505305290222}",pun_of_the_day-977,1,pun_of_the_day
570,"{'label': 'LABEL_0', 'score': 0.9985767602920532}",pun_of_the_day-977,0,pun_of_the_day
571,"{'label': 'LABEL_0', 'score': 0.998206377029419}",pun_of_the_day-977,0,pun_of_the_day
572,"{'label': 'LABEL_1', 'score': 0.9976034760475159}",pun_of_the_day-977,1,pun_of_the_day
573,"{'label': 'LABEL_0', 'score': 0.9978036284446716}",pun_of_the_day-977,0,pun_of_the_day
574,"{'label': 'LABEL_1', 'score': 0.9977222084999084}",pun_of_the_day-977,1,pun_of_the_day
575,"{'label': 'LABEL_1', 'score': 0.9969094395637512}",pun_of_the_day-977,1,pun_of_the_day
576,"{'label': 'LABEL_1', 'score': 0.997780978679657}",pun_of_the_day-977,1,pun_of_the_day
577,"{'label': 'LABEL_1', 'score': 0.9963099360466003}",pun_of_the_day-977,1,pun_of_the_day
578,"{'label': 'LABEL_0', 'score': 0.9985004663467407}",pun_of_the_day-977,0,pun_of_the_day
579,"{'label': 'LABEL_1', 'score': 0.8355845808982849}",pun_of_the_day-977,1,pun_of_the_day
580,"{'label': 'LABEL_0', 'score': 0.9985427856445312}",pun_of_the_day-977,0,pun_of_the_day
581,"{'label': 'LABEL_0', 'score': 0.9980911612510681}",pun_of_the_day-977,0,pun_of_the_day
582,"{'label': 'LABEL_0', 'score': 0.9982727766036987}",pun_of_the_day-977,0,pun_of_the_day
583,"{'label': 'LABEL_0', 'score': 0.9984057545661926}",pun_of_the_day-977,0,pun_of_the_day
584,"{'label': 'LABEL_1', 'score': 0.9940371513366699}",pun_of_the_day-977,1,pun_of_the_day
585,"{'label': 'LABEL_1', 'score': 0.9903327822685242}",pun_of_the_day-977,1,pun_of_the_day
586,"{'label': 'LABEL_0', 'score': 0.9983673691749573}",pun_of_the_day-977,0,pun_of_the_day
587,"{'label': 'LABEL_1', 'score': 0.9961309432983398}",pun_of_the_day-977,1,pun_of_the_day
588,"{'label': 'LABEL_0', 'score': 0.9985862970352173}",pun_of_the_day-977,0,pun_of_the_day
589,"{'label': 'LABEL_0', 'score': 0.998353123664856}",pun_of_the_day-977,0,pun_of_the_day
590,"{'label': 'LABEL_1', 'score': 0.9939767122268677}",pun_of_the_day-977,1,pun_of_the_day
591,"{'label': 'LABEL_1', 'score': 0.9980635046958923}",pun_of_the_day-977,1,pun_of_the_day
592,"{'label': 'LABEL_1', 'score': 0.9971864819526672}",pun_of_the_day-977,1,pun_of_the_day
593,"{'label': 'LABEL_1', 'score': 0.9962193369865417}",pun_of_the_day-977,1,pun_of_the_day
594,"{'label': 'LABEL_1', 'score': 0.9979680180549622}",pun_of_the_day-977,1,pun_of_the_day
595,"{'label': 'LABEL_1', 'score': 0.9978922009468079}",pun_of_the_day-977,1,pun_of_the_day
596,"{'label': 'LABEL_0', 'score': 0.9982219338417053}",pun_of_the_day-977,0,pun_of_the_day
597,"{'label': 'LABEL_0', 'score': 0.9985774755477905}",pun_of_the_day-977,0,pun_of_the_day
598,"{'label': 'LABEL_0', 'score': 0.9983782768249512}",pun_of_the_day-977,0,pun_of_the_day
599,"{'label': 'LABEL_0', 'score': 0.9984273910522461}",pun_of_the_day-977,0,pun_of_the_day
600,"{'label': 'LABEL_1', 'score': 0.9966239929199219}",pun_of_the_day-977,1,pun_of_the_day
601,"{'label': 'LABEL_0', 'score': 0.9982748031616211}",pun_of_the_day-977,0,pun_of_the_day
602,"{'label': 'LABEL_0', 'score': 0.9980213642120361}",pun_of_the_day-977,0,pun_of_the_day
603,"{'label': 'LABEL_0', 'score': 0.9978941082954407}",pun_of_the_day-977,0,pun_of_the_day
604,"{'label': 'LABEL_1', 'score': 0.99729984998703}",pun_of_the_day-977,1,pun_of_the_day
605,"{'label': 'LABEL_0', 'score': 0.9982452392578125}",pun_of_the_day-977,0,pun_of_the_day
606,"{'label': 'LABEL_0', 'score': 0.9982713460922241}",pun_of_the_day-977,0,pun_of_the_day
607,"{'label': 'LABEL_0', 'score': 0.9974725842475891}",pun_of_the_day-977,0,pun_of_the_day
608,"{'label': 'LABEL_0', 'score': 0.9985068440437317}",pun_of_the_day-977,0,pun_of_the_day
609,"{'label': 'LABEL_0', 'score': 0.9980702996253967}",pun_of_the_day-977,0,pun_of_the_day
610,"{'label': 'LABEL_1', 'score': 0.9974229335784912}",pun_of_the_day-977,1,pun_of_the_day
611,"{'label': 'LABEL_1', 'score': 0.9981135129928589}",pun_of_the_day-977,1,pun_of_the_day
612,"{'label': 'LABEL_1', 'score': 0.9974103569984436}",pun_of_the_day-977,1,pun_of_the_day
613,"{'label': 'LABEL_1', 'score': 0.9946331977844238}",pun_of_the_day-977,1,pun_of_the_day
614,"{'label': 'LABEL_1', 'score': 0.9976058006286621}",pun_of_the_day-977,1,pun_of_the_day
615,"{'label': 'LABEL_1', 'score': 0.9881131052970886}",pun_of_the_day-977,1,pun_of_the_day
616,"{'label': 'LABEL_1', 'score': 0.9972251653671265}",pun_of_the_day-977,1,pun_of_the_day
617,"{'label': 'LABEL_0', 'score': 0.9977947473526001}",pun_of_the_day-977,0,pun_of_the_day
618,"{'label': 'LABEL_0', 'score': 0.9981689453125}",pun_of_the_day-977,0,pun_of_the_day
619,"{'label': 'LABEL_1', 'score': 0.9937977194786072}",pun_of_the_day-977,1,pun_of_the_day
620,"{'label': 'LABEL_1', 'score': 0.9828613996505737}",pun_of_the_day-977,1,pun_of_the_day
621,"{'label': 'LABEL_1', 'score': 0.9910886287689209}",pun_of_the_day-977,1,pun_of_the_day
622,"{'label': 'LABEL_1', 'score': 0.9762827754020691}",pun_of_the_day-977,1,pun_of_the_day
623,"{'label': 'LABEL_1', 'score': 0.9967138767242432}",pun_of_the_day-977,1,pun_of_the_day
624,"{'label': 'LABEL_0', 'score': 0.9982683658599854}",pun_of_the_day-977,0,pun_of_the_day
625,"{'label': 'LABEL_0', 'score': 0.9981086254119873}",pun_of_the_day-977,0,pun_of_the_day
626,"{'label': 'LABEL_0', 'score': 0.9984650611877441}",pun_of_the_day-977,0,pun_of_the_day
627,"{'label': 'LABEL_0', 'score': 0.998033344745636}",pun_of_the_day-977,0,pun_of_the_day
628,"{'label': 'LABEL_0', 'score': 0.9982801675796509}",pun_of_the_day-977,0,pun_of_the_day
629,"{'label': 'LABEL_1', 'score': 0.7487009167671204}",pun_of_the_day-977,0,pun_of_the_day
630,"{'label': 'LABEL_1', 'score': 0.9959294199943542}",pun_of_the_day-977,1,pun_of_the_day
631,"{'label': 'LABEL_1', 'score': 0.9965229034423828}",pun_of_the_day-977,1,pun_of_the_day
632,"{'label': 'LABEL_1', 'score': 0.9965053796768188}",pun_of_the_day-977,1,pun_of_the_day
633,"{'label': 'LABEL_1', 'score': 0.9970353841781616}",pun_of_the_day-977,1,pun_of_the_day
634,"{'label': 'LABEL_1', 'score': 0.764840304851532}",pun_of_the_day-977,1,pun_of_the_day
635,"{'label': 'LABEL_0', 'score': 0.9983324408531189}",pun_of_the_day-977,0,pun_of_the_day
636,"{'label': 'LABEL_0', 'score': 0.9981375932693481}",pun_of_the_day-977,0,pun_of_the_day
637,"{'label': 'LABEL_1', 'score': 0.9958886504173279}",pun_of_the_day-977,1,pun_of_the_day
638,"{'label': 'LABEL_1', 'score': 0.9867540001869202}",pun_of_the_day-977,1,pun_of_the_day
639,"{'label': 'LABEL_0', 'score': 0.9981865286827087}",pun_of_the_day-977,0,pun_of_the_day
640,"{'label': 'LABEL_0', 'score': 0.9984837174415588}",pun_of_the_day-977,0,pun_of_the_day
641,"{'label': 'LABEL_1', 'score': 0.9976571798324585}",pun_of_the_day-977,1,pun_of_the_day
642,"{'label': 'LABEL_0', 'score': 0.7832099795341492}",pun_of_the_day-977,1,pun_of_the_day
643,"{'label': 'LABEL_0', 'score': 0.997859537601471}",pun_of_the_day-977,0,pun_of_the_day
644,"{'label': 'LABEL_0', 'score': 0.9985552430152893}",pun_of_the_day-977,0,pun_of_the_day
645,"{'label': 'LABEL_0', 'score': 0.9986249208450317}",pun_of_the_day-977,0,pun_of_the_day
646,"{'label': 'LABEL_1', 'score': 0.9890642762184143}",pun_of_the_day-977,1,pun_of_the_day
647,"{'label': 'LABEL_1', 'score': 0.9973475933074951}",pun_of_the_day-977,1,pun_of_the_day
648,"{'label': 'LABEL_1', 'score': 0.9964595437049866}",pun_of_the_day-977,1,pun_of_the_day
649,"{'label': 'LABEL_0', 'score': 0.9984182119369507}",pun_of_the_day-977,0,pun_of_the_day
650,"{'label': 'LABEL_0', 'score': 0.9984878301620483}",pun_of_the_day-977,0,pun_of_the_day
651,"{'label': 'LABEL_1', 'score': 0.9964848756790161}",pun_of_the_day-977,1,pun_of_the_day
652,"{'label': 'LABEL_1', 'score': 0.9927491545677185}",pun_of_the_day-977,1,pun_of_the_day
653,"{'label': 'LABEL_0', 'score': 0.9983623623847961}",pun_of_the_day-977,0,pun_of_the_day
654,"{'label': 'LABEL_0', 'score': 0.9981912970542908}",pun_of_the_day-977,0,pun_of_the_day
655,"{'label': 'LABEL_1', 'score': 0.9976868629455566}",pun_of_the_day-977,1,pun_of_the_day
656,"{'label': 'LABEL_1', 'score': 0.9779335260391235}",pun_of_the_day-977,1,pun_of_the_day
657,"{'label': 'LABEL_0', 'score': 0.998440682888031}",pun_of_the_day-977,0,pun_of_the_day
658,"{'label': 'LABEL_0', 'score': 0.9972134232521057}",pun_of_the_day-977,0,pun_of_the_day
659,"{'label': 'LABEL_0', 'score': 0.9985666871070862}",pun_of_the_day-977,0,pun_of_the_day
660,"{'label': 'LABEL_1', 'score': 0.9965697526931763}",pun_of_the_day-977,1,pun_of_the_day
661,"{'label': 'LABEL_1', 'score': 0.8263710141181946}",pun_of_the_day-977,1,pun_of_the_day
662,"{'label': 'LABEL_1', 'score': 0.9962050318717957}",pun_of_the_day-977,1,pun_of_the_day
663,"{'label': 'LABEL_0', 'score': 0.9982134103775024}",pun_of_the_day-977,0,pun_of_the_day
664,"{'label': 'LABEL_0', 'score': 0.99631667137146}",pun_of_the_day-977,0,pun_of_the_day
665,"{'label': 'LABEL_1', 'score': 0.997532844543457}",pun_of_the_day-977,1,pun_of_the_day
666,"{'label': 'LABEL_1', 'score': 0.997887909412384}",pun_of_the_day-977,1,pun_of_the_day
667,"{'label': 'LABEL_1', 'score': 0.8479646444320679}",pun_of_the_day-977,1,pun_of_the_day
668,"{'label': 'LABEL_0', 'score': 0.547813355922699}",pun_of_the_day-977,1,pun_of_the_day
669,"{'label': 'LABEL_0', 'score': 0.9982269406318665}",pun_of_the_day-977,0,pun_of_the_day
670,"{'label': 'LABEL_1', 'score': 0.9977321624755859}",pun_of_the_day-977,1,pun_of_the_day
671,"{'label': 'LABEL_0', 'score': 0.9982048273086548}",pun_of_the_day-977,0,pun_of_the_day
672,"{'label': 'LABEL_1', 'score': 0.9977866411209106}",pun_of_the_day-977,1,pun_of_the_day
673,"{'label': 'LABEL_1', 'score': 0.9968467354774475}",pun_of_the_day-977,1,pun_of_the_day
674,"{'label': 'LABEL_1', 'score': 0.9950952529907227}",pun_of_the_day-977,1,pun_of_the_day
675,"{'label': 'LABEL_1', 'score': 0.9883301258087158}",pun_of_the_day-977,1,pun_of_the_day
676,"{'label': 'LABEL_0', 'score': 0.9984607696533203}",pun_of_the_day-977,0,pun_of_the_day
677,"{'label': 'LABEL_1', 'score': 0.9977043271064758}",pun_of_the_day-977,1,pun_of_the_day
678,"{'label': 'LABEL_1', 'score': 0.9979323148727417}",pun_of_the_day-977,1,pun_of_the_day
679,"{'label': 'LABEL_1', 'score': 0.9948688745498657}",pun_of_the_day-977,1,pun_of_the_day
680,"{'label': 'LABEL_1', 'score': 0.9980694651603699}",pun_of_the_day-977,1,pun_of_the_day
681,"{'label': 'LABEL_1', 'score': 0.9973106384277344}",pun_of_the_day-977,1,pun_of_the_day
682,"{'label': 'LABEL_0', 'score': 0.9983017444610596}",pun_of_the_day-977,0,pun_of_the_day
683,"{'label': 'LABEL_1', 'score': 0.9975547194480896}",pun_of_the_day-977,1,pun_of_the_day
684,"{'label': 'LABEL_1', 'score': 0.994381844997406}",pun_of_the_day-977,1,pun_of_the_day
685,"{'label': 'LABEL_0', 'score': 0.9975549578666687}",pun_of_the_day-977,0,pun_of_the_day
686,"{'label': 'LABEL_1', 'score': 0.9966742992401123}",pun_of_the_day-977,1,pun_of_the_day
687,"{'label': 'LABEL_0', 'score': 0.998563826084137}",pun_of_the_day-977,0,pun_of_the_day
688,"{'label': 'LABEL_1', 'score': 0.9976860284805298}",pun_of_the_day-977,1,pun_of_the_day
689,"{'label': 'LABEL_1', 'score': 0.9973951578140259}",pun_of_the_day-977,1,pun_of_the_day
690,"{'label': 'LABEL_0', 'score': 0.9983264803886414}",pun_of_the_day-977,0,pun_of_the_day
691,"{'label': 'LABEL_1', 'score': 0.9973495006561279}",pun_of_the_day-977,1,pun_of_the_day
692,"{'label': 'LABEL_1', 'score': 0.9878130555152893}",pun_of_the_day-977,1,pun_of_the_day
693,"{'label': 'LABEL_1', 'score': 0.9981414079666138}",pun_of_the_day-977,1,pun_of_the_day
694,"{'label': 'LABEL_0', 'score': 0.9982763528823853}",pun_of_the_day-977,0,pun_of_the_day
695,"{'label': 'LABEL_1', 'score': 0.9966534972190857}",pun_of_the_day-977,1,pun_of_the_day
696,"{'label': 'LABEL_1', 'score': 0.9965652823448181}",pun_of_the_day-977,1,pun_of_the_day
697,"{'label': 'LABEL_1', 'score': 0.9978825449943542}",pun_of_the_day-977,1,pun_of_the_day
698,"{'label': 'LABEL_1', 'score': 0.7732861638069153}",pun_of_the_day-977,0,pun_of_the_day
699,"{'label': 'LABEL_1', 'score': 0.9971379041671753}",pun_of_the_day-977,1,pun_of_the_day
700,"{'label': 'LABEL_1', 'score': 0.9978851675987244}",pun_of_the_day-977,1,pun_of_the_day
701,"{'label': 'LABEL_1', 'score': 0.9969185590744019}",pun_of_the_day-977,1,pun_of_the_day
702,"{'label': 'LABEL_1', 'score': 0.9971882700920105}",pun_of_the_day-977,1,pun_of_the_day
703,"{'label': 'LABEL_0', 'score': 0.9984734654426575}",pun_of_the_day-977,0,pun_of_the_day
704,"{'label': 'LABEL_0', 'score': 0.9981535077095032}",pun_of_the_day-977,0,pun_of_the_day
705,"{'label': 'LABEL_1', 'score': 0.9958446621894836}",pun_of_the_day-977,1,pun_of_the_day
706,"{'label': 'LABEL_1', 'score': 0.9978049397468567}",pun_of_the_day-977,1,pun_of_the_day
707,"{'label': 'LABEL_0', 'score': 0.997593104839325}",pun_of_the_day-977,0,pun_of_the_day
708,"{'label': 'LABEL_1', 'score': 0.9973630309104919}",pun_of_the_day-977,1,pun_of_the_day
709,"{'label': 'LABEL_1', 'score': 0.9977693557739258}",pun_of_the_day-977,1,pun_of_the_day
710,"{'label': 'LABEL_1', 'score': 0.9977670907974243}",pun_of_the_day-977,1,pun_of_the_day
711,"{'label': 'LABEL_0', 'score': 0.9978848099708557}",pun_of_the_day-977,0,pun_of_the_day
712,"{'label': 'LABEL_1', 'score': 0.997636079788208}",pun_of_the_day-977,1,pun_of_the_day
713,"{'label': 'LABEL_1', 'score': 0.9945240020751953}",pun_of_the_day-977,1,pun_of_the_day
714,"{'label': 'LABEL_0', 'score': 0.9978087544441223}",pun_of_the_day-977,0,pun_of_the_day
715,"{'label': 'LABEL_1', 'score': 0.997718334197998}",pun_of_the_day-977,1,pun_of_the_day
716,"{'label': 'LABEL_1', 'score': 0.9978189468383789}",pun_of_the_day-977,1,pun_of_the_day
717,"{'label': 'LABEL_0', 'score': 0.9985570311546326}",pun_of_the_day-977,0,pun_of_the_day
718,"{'label': 'LABEL_1', 'score': 0.9972600936889648}",pun_of_the_day-977,1,pun_of_the_day
719,"{'label': 'LABEL_1', 'score': 0.9977228045463562}",pun_of_the_day-977,1,pun_of_the_day
720,"{'label': 'LABEL_0', 'score': 0.9980706572532654}",pun_of_the_day-977,0,pun_of_the_day
721,"{'label': 'LABEL_0', 'score': 0.9982877373695374}",pun_of_the_day-977,0,pun_of_the_day
722,"{'label': 'LABEL_0', 'score': 0.992326021194458}",pun_of_the_day-977,0,pun_of_the_day
723,"{'label': 'LABEL_0', 'score': 0.9985161423683167}",pun_of_the_day-977,0,pun_of_the_day
724,"{'label': 'LABEL_1', 'score': 0.9976609945297241}",pun_of_the_day-977,1,pun_of_the_day
725,"{'label': 'LABEL_1', 'score': 0.9977641105651855}",pun_of_the_day-977,1,pun_of_the_day
726,"{'label': 'LABEL_0', 'score': 0.9983476400375366}",pun_of_the_day-977,0,pun_of_the_day
727,"{'label': 'LABEL_1', 'score': 0.9970666766166687}",pun_of_the_day-977,1,pun_of_the_day
728,"{'label': 'LABEL_1', 'score': 0.9972911477088928}",pun_of_the_day-977,1,pun_of_the_day
729,"{'label': 'LABEL_0', 'score': 0.9982882142066956}",pun_of_the_day-977,0,pun_of_the_day
730,"{'label': 'LABEL_1', 'score': 0.9956488013267517}",pun_of_the_day-977,1,pun_of_the_day
731,"{'label': 'LABEL_0', 'score': 0.997191846370697}",pun_of_the_day-977,0,pun_of_the_day
732,"{'label': 'LABEL_1', 'score': 0.9930098056793213}",pun_of_the_day-977,1,pun_of_the_day
733,"{'label': 'LABEL_0', 'score': 0.9986660480499268}",pun_of_the_day-977,0,pun_of_the_day
734,"{'label': 'LABEL_1', 'score': 0.8243337273597717}",pun_of_the_day-977,0,pun_of_the_day
735,"{'label': 'LABEL_0', 'score': 0.998299777507782}",pun_of_the_day-977,0,pun_of_the_day
736,"{'label': 'LABEL_1', 'score': 0.9954419136047363}",pun_of_the_day-977,1,pun_of_the_day
737,"{'label': 'LABEL_0', 'score': 0.9962272644042969}",pun_of_the_day-977,1,pun_of_the_day
738,"{'label': 'LABEL_1', 'score': 0.9977055191993713}",pun_of_the_day-977,1,pun_of_the_day
739,"{'label': 'LABEL_0', 'score': 0.9984307885169983}",pun_of_the_day-977,0,pun_of_the_day
740,"{'label': 'LABEL_1', 'score': 0.994875967502594}",pun_of_the_day-977,1,pun_of_the_day
741,"{'label': 'LABEL_0', 'score': 0.9980928301811218}",pun_of_the_day-977,0,pun_of_the_day
742,"{'label': 'LABEL_1', 'score': 0.997636079788208}",pun_of_the_day-977,1,pun_of_the_day
743,"{'label': 'LABEL_0', 'score': 0.998376727104187}",pun_of_the_day-977,0,pun_of_the_day
744,"{'label': 'LABEL_0', 'score': 0.9979531764984131}",pun_of_the_day-977,0,pun_of_the_day
745,"{'label': 'LABEL_1', 'score': 0.9979596138000488}",pun_of_the_day-977,1,pun_of_the_day
746,"{'label': 'LABEL_1', 'score': 0.9927478432655334}",pun_of_the_day-977,1,pun_of_the_day
747,"{'label': 'LABEL_0', 'score': 0.9979645013809204}",pun_of_the_day-977,0,pun_of_the_day
748,"{'label': 'LABEL_1', 'score': 0.9970947504043579}",pun_of_the_day-977,1,pun_of_the_day
749,"{'label': 'LABEL_0', 'score': 0.9986221790313721}",pun_of_the_day-977,0,pun_of_the_day
750,"{'label': 'LABEL_0', 'score': 0.9983311295509338}",pun_of_the_day-977,0,pun_of_the_day
751,"{'label': 'LABEL_1', 'score': 0.9976361989974976}",pun_of_the_day-977,1,pun_of_the_day
752,"{'label': 'LABEL_0', 'score': 0.9979677796363831}",pun_of_the_day-977,0,pun_of_the_day
753,"{'label': 'LABEL_1', 'score': 0.9897112846374512}",pun_of_the_day-977,1,pun_of_the_day
754,"{'label': 'LABEL_1', 'score': 0.9960086345672607}",pun_of_the_day-977,1,pun_of_the_day
755,"{'label': 'LABEL_0', 'score': 0.9978983402252197}",pun_of_the_day-977,0,pun_of_the_day
756,"{'label': 'LABEL_0', 'score': 0.9973408579826355}",pun_of_the_day-977,0,pun_of_the_day
757,"{'label': 'LABEL_0', 'score': 0.9982054233551025}",pun_of_the_day-977,0,pun_of_the_day
758,"{'label': 'LABEL_1', 'score': 0.9952901601791382}",pun_of_the_day-977,0,pun_of_the_day
759,"{'label': 'LABEL_0', 'score': 0.9980364441871643}",pun_of_the_day-977,0,pun_of_the_day
760,"{'label': 'LABEL_1', 'score': 0.9972028732299805}",pun_of_the_day-977,1,pun_of_the_day
761,"{'label': 'LABEL_1', 'score': 0.9969130754470825}",pun_of_the_day-977,1,pun_of_the_day
762,"{'label': 'LABEL_0', 'score': 0.9981312155723572}",pun_of_the_day-977,0,pun_of_the_day
763,"{'label': 'LABEL_0', 'score': 0.9984878301620483}",pun_of_the_day-977,0,pun_of_the_day
764,"{'label': 'LABEL_0', 'score': 0.9985044002532959}",pun_of_the_day-977,0,pun_of_the_day
765,"{'label': 'LABEL_1', 'score': 0.9972848892211914}",pun_of_the_day-977,1,pun_of_the_day
766,"{'label': 'LABEL_0', 'score': 0.9982587695121765}",pun_of_the_day-977,0,pun_of_the_day
767,"{'label': 'LABEL_0', 'score': 0.9983575940132141}",pun_of_the_day-977,0,pun_of_the_day
768,"{'label': 'LABEL_0', 'score': 0.9982602000236511}",pun_of_the_day-977,0,pun_of_the_day
769,"{'label': 'LABEL_1', 'score': 0.9975070357322693}",pun_of_the_day-977,1,pun_of_the_day
770,"{'label': 'LABEL_1', 'score': 0.9915749430656433}",pun_of_the_day-977,1,pun_of_the_day
771,"{'label': 'LABEL_0', 'score': 0.9984866380691528}",pun_of_the_day-977,0,pun_of_the_day
772,"{'label': 'LABEL_0', 'score': 0.9982990622520447}",pun_of_the_day-977,0,pun_of_the_day
773,"{'label': 'LABEL_0', 'score': 0.9982733726501465}",pun_of_the_day-977,0,pun_of_the_day
774,"{'label': 'LABEL_1', 'score': 0.9943605065345764}",pun_of_the_day-977,1,pun_of_the_day
775,"{'label': 'LABEL_0', 'score': 0.9984288811683655}",pun_of_the_day-977,0,pun_of_the_day
776,"{'label': 'LABEL_0', 'score': 0.9983733892440796}",pun_of_the_day-977,0,pun_of_the_day
777,"{'label': 'LABEL_1', 'score': 0.9973352551460266}",pun_of_the_day-977,1,pun_of_the_day
778,"{'label': 'LABEL_0', 'score': 0.9978795051574707}",pun_of_the_day-977,0,pun_of_the_day
779,"{'label': 'LABEL_1', 'score': 0.9959232807159424}",pun_of_the_day-977,1,pun_of_the_day
780,"{'label': 'LABEL_0', 'score': 0.9968932867050171}",pun_of_the_day-977,0,pun_of_the_day
781,"{'label': 'LABEL_1', 'score': 0.9963197708129883}",pun_of_the_day-977,1,pun_of_the_day
782,"{'label': 'LABEL_1', 'score': 0.994499683380127}",pun_of_the_day-977,1,pun_of_the_day
783,"{'label': 'LABEL_0', 'score': 0.9982110261917114}",pun_of_the_day-977,0,pun_of_the_day
784,"{'label': 'LABEL_0', 'score': 0.9980598092079163}",pun_of_the_day-977,0,pun_of_the_day
785,"{'label': 'LABEL_1', 'score': 0.9976758360862732}",pun_of_the_day-977,1,pun_of_the_day
786,"{'label': 'LABEL_0', 'score': 0.9949983358383179}",pun_of_the_day-977,0,pun_of_the_day
787,"{'label': 'LABEL_1', 'score': 0.9974295496940613}",pun_of_the_day-977,1,pun_of_the_day
788,"{'label': 'LABEL_1', 'score': 0.9977625608444214}",pun_of_the_day-977,1,pun_of_the_day
789,"{'label': 'LABEL_1', 'score': 0.996870219707489}",pun_of_the_day-977,1,pun_of_the_day
790,"{'label': 'LABEL_1', 'score': 0.9973543882369995}",pun_of_the_day-977,1,pun_of_the_day
791,"{'label': 'LABEL_0', 'score': 0.9983586668968201}",pun_of_the_day-977,0,pun_of_the_day
792,"{'label': 'LABEL_0', 'score': 0.9984171390533447}",pun_of_the_day-977,0,pun_of_the_day
793,"{'label': 'LABEL_0', 'score': 0.9986163377761841}",pun_of_the_day-977,0,pun_of_the_day
794,"{'label': 'LABEL_1', 'score': 0.9979273080825806}",pun_of_the_day-977,1,pun_of_the_day
795,"{'label': 'LABEL_0', 'score': 0.9983130693435669}",pun_of_the_day-977,0,pun_of_the_day
796,"{'label': 'LABEL_0', 'score': 0.9981213212013245}",pun_of_the_day-977,0,pun_of_the_day
797,"{'label': 'LABEL_1', 'score': 0.9970189332962036}",pun_of_the_day-977,1,pun_of_the_day
798,"{'label': 'LABEL_1', 'score': 0.9967120885848999}",pun_of_the_day-977,1,pun_of_the_day
799,"{'label': 'LABEL_0', 'score': 0.9986804127693176}",pun_of_the_day-977,0,pun_of_the_day
800,"{'label': 'LABEL_0', 'score': 0.9977611303329468}",pun_of_the_day-977,0,pun_of_the_day
801,"{'label': 'LABEL_1', 'score': 0.9922575950622559}",pun_of_the_day-977,1,pun_of_the_day
802,"{'label': 'LABEL_1', 'score': 0.9980229139328003}",pun_of_the_day-977,1,pun_of_the_day
803,"{'label': 'LABEL_0', 'score': 0.9973528385162354}",pun_of_the_day-977,0,pun_of_the_day
804,"{'label': 'LABEL_0', 'score': 0.9980939030647278}",pun_of_the_day-977,0,pun_of_the_day
805,"{'label': 'LABEL_1', 'score': 0.9583615064620972}",pun_of_the_day-977,1,pun_of_the_day
806,"{'label': 'LABEL_1', 'score': 0.99779212474823}",pun_of_the_day-977,1,pun_of_the_day
807,"{'label': 'LABEL_1', 'score': 0.9969066977500916}",pun_of_the_day-977,1,pun_of_the_day
808,"{'label': 'LABEL_1', 'score': 0.9972884654998779}",pun_of_the_day-977,1,pun_of_the_day
809,"{'label': 'LABEL_1', 'score': 0.9971432089805603}",pun_of_the_day-977,1,pun_of_the_day
810,"{'label': 'LABEL_1', 'score': 0.9981916546821594}",pun_of_the_day-977,1,pun_of_the_day
811,"{'label': 'LABEL_1', 'score': 0.9971609115600586}",pun_of_the_day-977,1,pun_of_the_day
812,"{'label': 'LABEL_1', 'score': 0.9975652694702148}",pun_of_the_day-977,1,pun_of_the_day
813,"{'label': 'LABEL_1', 'score': 0.9978106617927551}",pun_of_the_day-977,1,pun_of_the_day
814,"{'label': 'LABEL_0', 'score': 0.9978457689285278}",pun_of_the_day-977,0,pun_of_the_day
815,"{'label': 'LABEL_1', 'score': 0.9925884008407593}",pun_of_the_day-977,0,pun_of_the_day
816,"{'label': 'LABEL_1', 'score': 0.9964882135391235}",pun_of_the_day-977,1,pun_of_the_day
817,"{'label': 'LABEL_0', 'score': 0.9981663823127747}",pun_of_the_day-977,0,pun_of_the_day
818,"{'label': 'LABEL_0', 'score': 0.9981990456581116}",pun_of_the_day-977,0,pun_of_the_day
819,"{'label': 'LABEL_1', 'score': 0.9970287680625916}",pun_of_the_day-977,1,pun_of_the_day
820,"{'label': 'LABEL_0', 'score': 0.9984256029129028}",pun_of_the_day-977,0,pun_of_the_day
821,"{'label': 'LABEL_0', 'score': 0.9984233379364014}",pun_of_the_day-977,0,pun_of_the_day
822,"{'label': 'LABEL_1', 'score': 0.9954918026924133}",pun_of_the_day-977,0,pun_of_the_day
823,"{'label': 'LABEL_0', 'score': 0.998414158821106}",pun_of_the_day-977,0,pun_of_the_day
824,"{'label': 'LABEL_1', 'score': 0.9711687564849854}",pun_of_the_day-977,1,pun_of_the_day
825,"{'label': 'LABEL_0', 'score': 0.9983002543449402}",pun_of_the_day-977,0,pun_of_the_day
826,"{'label': 'LABEL_1', 'score': 0.9974779486656189}",pun_of_the_day-977,1,pun_of_the_day
827,"{'label': 'LABEL_1', 'score': 0.997980535030365}",pun_of_the_day-977,1,pun_of_the_day
828,"{'label': 'LABEL_0', 'score': 0.998149037361145}",pun_of_the_day-977,0,pun_of_the_day
829,"{'label': 'LABEL_1', 'score': 0.9980816841125488}",pun_of_the_day-977,1,pun_of_the_day
830,"{'label': 'LABEL_0', 'score': 0.9983310103416443}",pun_of_the_day-977,0,pun_of_the_day
831,"{'label': 'LABEL_1', 'score': 0.9975191354751587}",pun_of_the_day-977,1,pun_of_the_day
832,"{'label': 'LABEL_0', 'score': 0.9982919096946716}",pun_of_the_day-977,0,pun_of_the_day
833,"{'label': 'LABEL_0', 'score': 0.9978917241096497}",pun_of_the_day-977,0,pun_of_the_day
834,"{'label': 'LABEL_1', 'score': 0.9969310760498047}",pun_of_the_day-977,1,pun_of_the_day
835,"{'label': 'LABEL_0', 'score': 0.998096764087677}",pun_of_the_day-977,0,pun_of_the_day
836,"{'label': 'LABEL_0', 'score': 0.9985979199409485}",pun_of_the_day-977,0,pun_of_the_day
837,"{'label': 'LABEL_1', 'score': 0.9983106851577759}",pun_of_the_day-977,1,pun_of_the_day
838,"{'label': 'LABEL_0', 'score': 0.9959230422973633}",pun_of_the_day-977,0,pun_of_the_day
839,"{'label': 'LABEL_1', 'score': 0.9976969361305237}",pun_of_the_day-977,1,pun_of_the_day
840,"{'label': 'LABEL_0', 'score': 0.9981155395507812}",pun_of_the_day-977,0,pun_of_the_day
841,"{'label': 'LABEL_0', 'score': 0.9984939098358154}",pun_of_the_day-977,0,pun_of_the_day
842,"{'label': 'LABEL_1', 'score': 0.9979301691055298}",pun_of_the_day-977,1,pun_of_the_day
843,"{'label': 'LABEL_1', 'score': 0.9957796335220337}",pun_of_the_day-977,1,pun_of_the_day
844,"{'label': 'LABEL_0', 'score': 0.9985761642456055}",pun_of_the_day-977,0,pun_of_the_day
845,"{'label': 'LABEL_1', 'score': 0.9977261424064636}",pun_of_the_day-977,1,pun_of_the_day
846,"{'label': 'LABEL_1', 'score': 0.995668888092041}",pun_of_the_day-977,1,pun_of_the_day
847,"{'label': 'LABEL_0', 'score': 0.9983758926391602}",pun_of_the_day-977,0,pun_of_the_day
848,"{'label': 'LABEL_0', 'score': 0.9985370635986328}",pun_of_the_day-977,0,pun_of_the_day
849,"{'label': 'LABEL_0', 'score': 0.9346014857292175}",pun_of_the_day-977,0,pun_of_the_day
850,"{'label': 'LABEL_1', 'score': 0.9929836988449097}",pun_of_the_day-977,1,pun_of_the_day
851,"{'label': 'LABEL_1', 'score': 0.9846494793891907}",pun_of_the_day-977,1,pun_of_the_day
852,"{'label': 'LABEL_1', 'score': 0.9971079230308533}",pun_of_the_day-977,1,pun_of_the_day
853,"{'label': 'LABEL_1', 'score': 0.9896703362464905}",pun_of_the_day-977,1,pun_of_the_day
854,"{'label': 'LABEL_0', 'score': 0.9985248446464539}",pun_of_the_day-977,0,pun_of_the_day
855,"{'label': 'LABEL_1', 'score': 0.9979859590530396}",pun_of_the_day-977,1,pun_of_the_day
856,"{'label': 'LABEL_1', 'score': 0.9975588321685791}",pun_of_the_day-977,1,pun_of_the_day
857,"{'label': 'LABEL_0', 'score': 0.9983788728713989}",pun_of_the_day-977,0,pun_of_the_day
858,"{'label': 'LABEL_1', 'score': 0.9976763129234314}",pun_of_the_day-977,1,pun_of_the_day
859,"{'label': 'LABEL_1', 'score': 0.9978345036506653}",pun_of_the_day-977,1,pun_of_the_day
860,"{'label': 'LABEL_1', 'score': 0.9979975819587708}",pun_of_the_day-977,1,pun_of_the_day
861,"{'label': 'LABEL_1', 'score': 0.9975852966308594}",pun_of_the_day-977,1,pun_of_the_day
862,"{'label': 'LABEL_0', 'score': 0.998607337474823}",pun_of_the_day-977,0,pun_of_the_day
863,"{'label': 'LABEL_0', 'score': 0.9979840517044067}",pun_of_the_day-977,0,pun_of_the_day
864,"{'label': 'LABEL_0', 'score': 0.9974168539047241}",pun_of_the_day-977,0,pun_of_the_day
865,"{'label': 'LABEL_1', 'score': 0.9981120824813843}",pun_of_the_day-977,1,pun_of_the_day
866,"{'label': 'LABEL_1', 'score': 0.9972429275512695}",pun_of_the_day-977,1,pun_of_the_day
867,"{'label': 'LABEL_1', 'score': 0.9980417490005493}",pun_of_the_day-977,1,pun_of_the_day
868,"{'label': 'LABEL_1', 'score': 0.9944213032722473}",pun_of_the_day-977,1,pun_of_the_day
869,"{'label': 'LABEL_1', 'score': 0.9925325512886047}",pun_of_the_day-977,1,pun_of_the_day
870,"{'label': 'LABEL_0', 'score': 0.9985509514808655}",pun_of_the_day-977,0,pun_of_the_day
871,"{'label': 'LABEL_1', 'score': 0.9963957667350769}",pun_of_the_day-977,1,pun_of_the_day
872,"{'label': 'LABEL_0', 'score': 0.9981472492218018}",pun_of_the_day-977,0,pun_of_the_day
873,"{'label': 'LABEL_1', 'score': 0.9972304701805115}",pun_of_the_day-977,1,pun_of_the_day
874,"{'label': 'LABEL_0', 'score': 0.9980643391609192}",pun_of_the_day-977,0,pun_of_the_day
875,"{'label': 'LABEL_0', 'score': 0.9868934154510498}",pun_of_the_day-977,0,pun_of_the_day
876,"{'label': 'LABEL_1', 'score': 0.9975739121437073}",pun_of_the_day-977,1,pun_of_the_day
877,"{'label': 'LABEL_1', 'score': 0.9977586269378662}",pun_of_the_day-977,1,pun_of_the_day
878,"{'label': 'LABEL_0', 'score': 0.8987060189247131}",pun_of_the_day-977,0,pun_of_the_day
879,"{'label': 'LABEL_1', 'score': 0.9966622591018677}",pun_of_the_day-977,1,pun_of_the_day
880,"{'label': 'LABEL_0', 'score': 0.9985687732696533}",pun_of_the_day-977,0,pun_of_the_day
881,"{'label': 'LABEL_1', 'score': 0.9980908036231995}",pun_of_the_day-977,1,pun_of_the_day
882,"{'label': 'LABEL_0', 'score': 0.9982759952545166}",pun_of_the_day-977,0,pun_of_the_day
883,"{'label': 'LABEL_0', 'score': 0.9984316229820251}",pun_of_the_day-977,0,pun_of_the_day
884,"{'label': 'LABEL_0', 'score': 0.9984684586524963}",pun_of_the_day-977,0,pun_of_the_day
885,"{'label': 'LABEL_1', 'score': 0.9956556558609009}",pun_of_the_day-977,1,pun_of_the_day
886,"{'label': 'LABEL_0', 'score': 0.9984638690948486}",pun_of_the_day-977,0,pun_of_the_day
887,"{'label': 'LABEL_1', 'score': 0.9974483251571655}",pun_of_the_day-977,1,pun_of_the_day
888,"{'label': 'LABEL_0', 'score': 0.9984669089317322}",pun_of_the_day-977,0,pun_of_the_day
889,"{'label': 'LABEL_0', 'score': 0.9983823299407959}",pun_of_the_day-977,0,pun_of_the_day
890,"{'label': 'LABEL_1', 'score': 0.9945650100708008}",pun_of_the_day-977,1,pun_of_the_day
891,"{'label': 'LABEL_0', 'score': 0.9975005984306335}",pun_of_the_day-977,0,pun_of_the_day
892,"{'label': 'LABEL_0', 'score': 0.9981411695480347}",pun_of_the_day-977,0,pun_of_the_day
893,"{'label': 'LABEL_1', 'score': 0.9972791075706482}",pun_of_the_day-977,1,pun_of_the_day
894,"{'label': 'LABEL_0', 'score': 0.9983586668968201}",pun_of_the_day-977,0,pun_of_the_day
895,"{'label': 'LABEL_1', 'score': 0.9977433681488037}",pun_of_the_day-977,1,pun_of_the_day
896,"{'label': 'LABEL_1', 'score': 0.9971470236778259}",pun_of_the_day-977,1,pun_of_the_day
897,"{'label': 'LABEL_1', 'score': 0.9975881576538086}",pun_of_the_day-977,1,pun_of_the_day
898,"{'label': 'LABEL_1', 'score': 0.9978429079055786}",pun_of_the_day-977,1,pun_of_the_day
899,"{'label': 'LABEL_1', 'score': 0.9977205395698547}",pun_of_the_day-977,1,pun_of_the_day
900,"{'label': 'LABEL_1', 'score': 0.9804830551147461}",pun_of_the_day-977,1,pun_of_the_day
901,"{'label': 'LABEL_1', 'score': 0.9965303540229797}",pun_of_the_day-977,1,pun_of_the_day
902,"{'label': 'LABEL_1', 'score': 0.997657060623169}",pun_of_the_day-977,1,pun_of_the_day
903,"{'label': 'LABEL_0', 'score': 0.9974479675292969}",pun_of_the_day-977,0,pun_of_the_day
904,"{'label': 'LABEL_1', 'score': 0.7987465262413025}",pun_of_the_day-977,1,pun_of_the_day
905,"{'label': 'LABEL_1', 'score': 0.9967622756958008}",pun_of_the_day-977,1,pun_of_the_day
906,"{'label': 'LABEL_0', 'score': 0.9983925223350525}",pun_of_the_day-977,0,pun_of_the_day
907,"{'label': 'LABEL_0', 'score': 0.9983968138694763}",pun_of_the_day-977,0,pun_of_the_day
908,"{'label': 'LABEL_0', 'score': 0.9980006814002991}",pun_of_the_day-977,0,pun_of_the_day
909,"{'label': 'LABEL_0', 'score': 0.8764504194259644}",pun_of_the_day-977,0,pun_of_the_day
910,"{'label': 'LABEL_0', 'score': 0.9982670545578003}",pun_of_the_day-977,0,pun_of_the_day
911,"{'label': 'LABEL_1', 'score': 0.9976845979690552}",pun_of_the_day-977,1,pun_of_the_day
912,"{'label': 'LABEL_0', 'score': 0.5828220844268799}",pun_of_the_day-977,0,pun_of_the_day
913,"{'label': 'LABEL_1', 'score': 0.6224334836006165}",pun_of_the_day-977,0,pun_of_the_day
914,"{'label': 'LABEL_0', 'score': 0.9982379674911499}",pun_of_the_day-977,0,pun_of_the_day
915,"{'label': 'LABEL_1', 'score': 0.9977623224258423}",pun_of_the_day-977,1,pun_of_the_day
916,"{'label': 'LABEL_0', 'score': 0.9984149932861328}",pun_of_the_day-977,0,pun_of_the_day
917,"{'label': 'LABEL_0', 'score': 0.9983319640159607}",pun_of_the_day-977,0,pun_of_the_day
918,"{'label': 'LABEL_0', 'score': 0.9985017776489258}",pun_of_the_day-977,0,pun_of_the_day
919,"{'label': 'LABEL_1', 'score': 0.5722284913063049}",pun_of_the_day-977,0,pun_of_the_day
920,"{'label': 'LABEL_1', 'score': 0.9975455403327942}",pun_of_the_day-977,1,pun_of_the_day
921,"{'label': 'LABEL_1', 'score': 0.9980582594871521}",pun_of_the_day-977,1,pun_of_the_day
922,"{'label': 'LABEL_1', 'score': 0.9963322281837463}",pun_of_the_day-977,1,pun_of_the_day
923,"{'label': 'LABEL_0', 'score': 0.9985163807868958}",pun_of_the_day-977,0,pun_of_the_day
924,"{'label': 'LABEL_1', 'score': 0.9980112314224243}",pun_of_the_day-977,1,pun_of_the_day
925,"{'label': 'LABEL_1', 'score': 0.9953255653381348}",pun_of_the_day-977,1,pun_of_the_day
926,"{'label': 'LABEL_1', 'score': 0.9969099164009094}",pun_of_the_day-977,1,pun_of_the_day
927,"{'label': 'LABEL_1', 'score': 0.9896436929702759}",pun_of_the_day-977,1,pun_of_the_day
928,"{'label': 'LABEL_0', 'score': 0.9980276226997375}",pun_of_the_day-977,0,pun_of_the_day
929,"{'label': 'LABEL_1', 'score': 0.9938462376594543}",pun_of_the_day-977,1,pun_of_the_day
930,"{'label': 'LABEL_1', 'score': 0.9966214895248413}",pun_of_the_day-977,1,pun_of_the_day
931,"{'label': 'LABEL_0', 'score': 0.9980711340904236}",pun_of_the_day-977,0,pun_of_the_day
932,"{'label': 'LABEL_0', 'score': 0.9982522130012512}",pun_of_the_day-977,0,pun_of_the_day
933,"{'label': 'LABEL_0', 'score': 0.9985030889511108}",pun_of_the_day-977,0,pun_of_the_day
934,"{'label': 'LABEL_1', 'score': 0.9976533055305481}",pun_of_the_day-977,1,pun_of_the_day
935,"{'label': 'LABEL_0', 'score': 0.9982525706291199}",pun_of_the_day-977,0,pun_of_the_day
936,"{'label': 'LABEL_0', 'score': 0.9980449676513672}",pun_of_the_day-977,0,pun_of_the_day
937,"{'label': 'LABEL_1', 'score': 0.9931596517562866}",pun_of_the_day-977,1,pun_of_the_day
938,"{'label': 'LABEL_0', 'score': 0.9981682300567627}",pun_of_the_day-977,0,pun_of_the_day
939,"{'label': 'LABEL_1', 'score': 0.9662889838218689}",pun_of_the_day-977,0,pun_of_the_day
940,"{'label': 'LABEL_1', 'score': 0.9979361295700073}",pun_of_the_day-977,1,pun_of_the_day
941,"{'label': 'LABEL_1', 'score': 0.997683048248291}",pun_of_the_day-977,1,pun_of_the_day
942,"{'label': 'LABEL_1', 'score': 0.9966809153556824}",pun_of_the_day-977,1,pun_of_the_day
943,"{'label': 'LABEL_1', 'score': 0.9978748559951782}",pun_of_the_day-977,1,pun_of_the_day
944,"{'label': 'LABEL_1', 'score': 0.9939804077148438}",pun_of_the_day-977,1,pun_of_the_day
945,"{'label': 'LABEL_0', 'score': 0.9983536005020142}",pun_of_the_day-977,0,pun_of_the_day
946,"{'label': 'LABEL_0', 'score': 0.9979130625724792}",pun_of_the_day-977,0,pun_of_the_day
947,"{'label': 'LABEL_1', 'score': 0.9979331493377686}",pun_of_the_day-977,1,pun_of_the_day
