,preds,trained_on,test_on
0,"{'label': 'LABEL_1', 'score': 0.9999914169311523}",the_naughtyformer-47,alice
1,"{'label': 'LABEL_1', 'score': 0.9999903440475464}",the_naughtyformer-47,alice
2,"{'label': 'LABEL_1', 'score': 0.9999881982803345}",the_naughtyformer-47,alice
3,"{'label': 'LABEL_1', 'score': 0.9999874830245972}",the_naughtyformer-47,alice
4,"{'label': 'LABEL_1', 'score': 0.99998939037323}",the_naughtyformer-47,alice
5,"{'label': 'LABEL_1', 'score': 0.9999905824661255}",the_naughtyformer-47,alice
6,"{'label': 'LABEL_1', 'score': 0.9999901056289673}",the_naughtyformer-47,alice
7,"{'label': 'LABEL_1', 'score': 0.9999910593032837}",the_naughtyformer-47,alice
8,"{'label': 'LABEL_1', 'score': 0.9999887943267822}",the_naughtyformer-47,alice
9,"{'label': 'LABEL_1', 'score': 0.9999872446060181}",the_naughtyformer-47,alice
10,"{'label': 'LABEL_1', 'score': 0.9999889135360718}",the_naughtyformer-47,alice
11,"{'label': 'LABEL_1', 'score': 0.9999902248382568}",the_naughtyformer-47,alice
12,"{'label': 'LABEL_1', 'score': 0.9999896287918091}",the_naughtyformer-47,alice
13,"{'label': 'LABEL_1', 'score': 0.9999908208847046}",the_naughtyformer-47,alice
14,"{'label': 'LABEL_1', 'score': 0.9999867677688599}",the_naughtyformer-47,alice
15,"{'label': 'LABEL_1', 'score': 0.9999884366989136}",the_naughtyformer-47,alice
16,"{'label': 'LABEL_1', 'score': 0.9999841451644897}",the_naughtyformer-47,alice
17,"{'label': 'LABEL_1', 'score': 0.9999847412109375}",the_naughtyformer-47,alice
18,"{'label': 'LABEL_1', 'score': 0.9999898672103882}",the_naughtyformer-47,alice
19,"{'label': 'LABEL_1', 'score': 0.9999897480010986}",the_naughtyformer-47,alice
20,"{'label': 'LABEL_1', 'score': 0.9999903440475464}",the_naughtyformer-47,alice
21,"{'label': 'LABEL_1', 'score': 0.9999899864196777}",the_naughtyformer-47,alice
22,"{'label': 'LABEL_1', 'score': 0.9999914169311523}",the_naughtyformer-47,alice
23,"{'label': 'LABEL_1', 'score': 0.9999915361404419}",the_naughtyformer-47,alice
24,"{'label': 'LABEL_1', 'score': 0.9999865293502808}",the_naughtyformer-47,alice
25,"{'label': 'LABEL_1', 'score': 0.999985933303833}",the_naughtyformer-47,alice
26,"{'label': 'LABEL_1', 'score': 0.9999912977218628}",the_naughtyformer-47,alice
27,"{'label': 'LABEL_1', 'score': 0.9999902248382568}",the_naughtyformer-47,alice
28,"{'label': 'LABEL_1', 'score': 0.9999876022338867}",the_naughtyformer-47,alice
29,"{'label': 'LABEL_1', 'score': 0.9999871253967285}",the_naughtyformer-47,alice
30,"{'label': 'LABEL_1', 'score': 0.9999160766601562}",the_naughtyformer-47,alice
31,"{'label': 'LABEL_1', 'score': 0.9999669790267944}",the_naughtyformer-47,alice
32,"{'label': 'LABEL_1', 'score': 0.9999656677246094}",the_naughtyformer-47,alice
33,"{'label': 'LABEL_1', 'score': 0.9999861717224121}",the_naughtyformer-47,alice
34,"{'label': 'LABEL_1', 'score': 0.9999868869781494}",the_naughtyformer-47,alice
35,"{'label': 'LABEL_1', 'score': 0.9999904632568359}",the_naughtyformer-47,alice
36,"{'label': 'LABEL_1', 'score': 0.9999911785125732}",the_naughtyformer-47,alice
37,"{'label': 'LABEL_1', 'score': 0.9999910593032837}",the_naughtyformer-47,alice
38,"{'label': 'LABEL_1', 'score': 0.9999910593032837}",the_naughtyformer-47,alice
39,"{'label': 'LABEL_1', 'score': 0.9999911785125732}",the_naughtyformer-47,alice
40,"{'label': 'LABEL_1', 'score': 0.9999914169311523}",the_naughtyformer-47,alice
41,"{'label': 'LABEL_1', 'score': 0.9999914169311523}",the_naughtyformer-47,alice
42,"{'label': 'LABEL_1', 'score': 0.9999911785125732}",the_naughtyformer-47,alice
43,"{'label': 'LABEL_1', 'score': 0.9999911785125732}",the_naughtyformer-47,alice
44,"{'label': 'LABEL_1', 'score': 0.9999079704284668}",the_naughtyformer-47,alice
45,"{'label': 'LABEL_1', 'score': 0.9998958110809326}",the_naughtyformer-47,alice
46,"{'label': 'LABEL_1', 'score': 0.9999914169311523}",the_naughtyformer-47,alice
47,"{'label': 'LABEL_1', 'score': 0.9999916553497314}",the_naughtyformer-47,alice
48,"{'label': 'LABEL_1', 'score': 0.9999914169311523}",the_naughtyformer-47,alice
49,"{'label': 'LABEL_1', 'score': 0.9999908208847046}",the_naughtyformer-47,alice
50,"{'label': 'LABEL_1', 'score': 0.9999908208847046}",the_naughtyformer-47,alice
51,"{'label': 'LABEL_1', 'score': 0.9999911785125732}",the_naughtyformer-47,alice
52,"{'label': 'LABEL_1', 'score': 0.9999914169311523}",the_naughtyformer-47,alice
53,"{'label': 'LABEL_1', 'score': 0.9999909400939941}",the_naughtyformer-47,alice
54,"{'label': 'LABEL_1', 'score': 0.9999912977218628}",the_naughtyformer-47,alice
55,"{'label': 'LABEL_1', 'score': 0.9999915361404419}",the_naughtyformer-47,alice
56,"{'label': 'LABEL_1', 'score': 0.9999912977218628}",the_naughtyformer-47,alice
57,"{'label': 'LABEL_1', 'score': 0.9999911785125732}",the_naughtyformer-47,alice
58,"{'label': 'LABEL_1', 'score': 0.9999904632568359}",the_naughtyformer-47,alice
59,"{'label': 'LABEL_1', 'score': 0.9999796152114868}",the_naughtyformer-47,alice
60,"{'label': 'LABEL_1', 'score': 0.999988317489624}",the_naughtyformer-47,alice
61,"{'label': 'LABEL_1', 'score': 0.9999909400939941}",the_naughtyformer-47,alice
62,"{'label': 'LABEL_1', 'score': 0.9999908208847046}",the_naughtyformer-47,alice
63,"{'label': 'LABEL_1', 'score': 0.9999914169311523}",the_naughtyformer-47,alice
64,"{'label': 'LABEL_1', 'score': 0.9999912977218628}",the_naughtyformer-47,alice
65,"{'label': 'LABEL_1', 'score': 0.9999914169311523}",the_naughtyformer-47,alice
66,"{'label': 'LABEL_1', 'score': 0.9999912977218628}",the_naughtyformer-47,alice
67,"{'label': 'LABEL_1', 'score': 0.9999915361404419}",the_naughtyformer-47,alice
68,"{'label': 'LABEL_1', 'score': 0.9999916553497314}",the_naughtyformer-47,alice
69,"{'label': 'LABEL_1', 'score': 0.9999915361404419}",the_naughtyformer-47,alice
70,"{'label': 'LABEL_1', 'score': 0.9999898672103882}",the_naughtyformer-47,alice
71,"{'label': 'LABEL_1', 'score': 0.9999889135360718}",the_naughtyformer-47,alice
72,"{'label': 'LABEL_1', 'score': 0.9999908208847046}",the_naughtyformer-47,alice
73,"{'label': 'LABEL_1', 'score': 0.9999912977218628}",the_naughtyformer-47,alice
74,"{'label': 'LABEL_1', 'score': 0.9999909400939941}",the_naughtyformer-47,alice
75,"{'label': 'LABEL_1', 'score': 0.9999912977218628}",the_naughtyformer-47,alice
76,"{'label': 'LABEL_1', 'score': 0.9999914169311523}",the_naughtyformer-47,alice
77,"{'label': 'LABEL_1', 'score': 0.9999910593032837}",the_naughtyformer-47,alice
78,"{'label': 'LABEL_1', 'score': 0.9999905824661255}",the_naughtyformer-47,alice
79,"{'label': 'LABEL_1', 'score': 0.9999903440475464}",the_naughtyformer-47,alice
80,"{'label': 'LABEL_1', 'score': 0.9999916553497314}",the_naughtyformer-47,alice
81,"{'label': 'LABEL_1', 'score': 0.9999911785125732}",the_naughtyformer-47,alice
82,"{'label': 'LABEL_1', 'score': 0.9999903440475464}",the_naughtyformer-47,alice
83,"{'label': 'LABEL_1', 'score': 0.9999911785125732}",the_naughtyformer-47,alice
84,"{'label': 'LABEL_1', 'score': 0.9999908208847046}",the_naughtyformer-47,alice
85,"{'label': 'LABEL_1', 'score': 0.9999908208847046}",the_naughtyformer-47,alice
86,"{'label': 'LABEL_1', 'score': 0.9999910593032837}",the_naughtyformer-47,alice
87,"{'label': 'LABEL_1', 'score': 0.9999912977218628}",the_naughtyformer-47,alice
88,"{'label': 'LABEL_1', 'score': 0.9999912977218628}",the_naughtyformer-47,alice
89,"{'label': 'LABEL_1', 'score': 0.9999912977218628}",the_naughtyformer-47,alice
90,"{'label': 'LABEL_1', 'score': 0.9999915361404419}",the_naughtyformer-47,alice
91,"{'label': 'LABEL_1', 'score': 0.9999912977218628}",the_naughtyformer-47,alice
92,"{'label': 'LABEL_1', 'score': 0.9999915361404419}",the_naughtyformer-47,alice
93,"{'label': 'LABEL_1', 'score': 0.9999914169311523}",the_naughtyformer-47,alice
94,"{'label': 'LABEL_1', 'score': 0.9999914169311523}",the_naughtyformer-47,alice
95,"{'label': 'LABEL_1', 'score': 0.9999915361404419}",the_naughtyformer-47,alice
96,"{'label': 'LABEL_1', 'score': 0.9999915361404419}",the_naughtyformer-47,alice
97,"{'label': 'LABEL_1', 'score': 0.9999915361404419}",the_naughtyformer-47,alice
98,"{'label': 'LABEL_1', 'score': 0.999988317489624}",the_naughtyformer-47,alice
99,"{'label': 'LABEL_1', 'score': 0.9999867677688599}",the_naughtyformer-47,alice
100,"{'label': 'LABEL_1', 'score': 0.9999834299087524}",the_naughtyformer-47,alice
101,"{'label': 'LABEL_1', 'score': 0.9999756813049316}",the_naughtyformer-47,alice
102,"{'label': 'LABEL_1', 'score': 0.9999862909317017}",the_naughtyformer-47,alice
103,"{'label': 'LABEL_1', 'score': 0.9999791383743286}",the_naughtyformer-47,alice
104,"{'label': 'LABEL_1', 'score': 0.9999858140945435}",the_naughtyformer-47,alice
105,"{'label': 'LABEL_1', 'score': 0.9999891519546509}",the_naughtyformer-47,alice
106,"{'label': 'LABEL_1', 'score': 0.9999896287918091}",the_naughtyformer-47,alice
107,"{'label': 'LABEL_1', 'score': 0.9999878406524658}",the_naughtyformer-47,alice
108,"{'label': 'LABEL_1', 'score': 0.9999910593032837}",the_naughtyformer-47,alice
109,"{'label': 'LABEL_1', 'score': 0.9999914169311523}",the_naughtyformer-47,alice
110,"{'label': 'LABEL_1', 'score': 0.9999914169311523}",the_naughtyformer-47,alice
111,"{'label': 'LABEL_1', 'score': 0.9999914169311523}",the_naughtyformer-47,alice
112,"{'label': 'LABEL_1', 'score': 0.9999915361404419}",the_naughtyformer-47,alice
113,"{'label': 'LABEL_1', 'score': 0.9999915361404419}",the_naughtyformer-47,alice
114,"{'label': 'LABEL_1', 'score': 0.9999914169311523}",the_naughtyformer-47,alice
115,"{'label': 'LABEL_1', 'score': 0.9999910593032837}",the_naughtyformer-47,alice
116,"{'label': 'LABEL_1', 'score': 0.9999910593032837}",the_naughtyformer-47,alice
117,"{'label': 'LABEL_1', 'score': 0.9999912977218628}",the_naughtyformer-47,alice
118,"{'label': 'LABEL_1', 'score': 0.9999915361404419}",the_naughtyformer-47,alice
119,"{'label': 'LABEL_1', 'score': 0.9999912977218628}",the_naughtyformer-47,alice
120,"{'label': 'LABEL_1', 'score': 0.9999911785125732}",the_naughtyformer-47,alice
121,"{'label': 'LABEL_1', 'score': 0.9999910593032837}",the_naughtyformer-47,alice
122,"{'label': 'LABEL_1', 'score': 0.9999912977218628}",the_naughtyformer-47,alice
123,"{'label': 'LABEL_1', 'score': 0.9999910593032837}",the_naughtyformer-47,alice
124,"{'label': 'LABEL_1', 'score': 0.9999914169311523}",the_naughtyformer-47,alice
125,"{'label': 'LABEL_1', 'score': 0.9999912977218628}",the_naughtyformer-47,alice
126,"{'label': 'LABEL_1', 'score': 0.9999909400939941}",the_naughtyformer-47,alice
127,"{'label': 'LABEL_1', 'score': 0.9999902248382568}",the_naughtyformer-47,alice
128,"{'label': 'LABEL_1', 'score': 0.9999915361404419}",the_naughtyformer-47,alice
129,"{'label': 'LABEL_1', 'score': 0.9999905824661255}",the_naughtyformer-47,alice
130,"{'label': 'LABEL_1', 'score': 0.999984860420227}",the_naughtyformer-47,alice
131,"{'label': 'LABEL_1', 'score': 0.9999700784683228}",the_naughtyformer-47,alice
132,"{'label': 'LABEL_1', 'score': 0.9999908208847046}",the_naughtyformer-47,alice
133,"{'label': 'LABEL_1', 'score': 0.9999910593032837}",the_naughtyformer-47,alice
134,"{'label': 'LABEL_1', 'score': 0.9999911785125732}",the_naughtyformer-47,alice
135,"{'label': 'LABEL_1', 'score': 0.9999862909317017}",the_naughtyformer-47,alice
136,"{'label': 'LABEL_1', 'score': 0.9999873638153076}",the_naughtyformer-47,alice
137,"{'label': 'LABEL_1', 'score': 0.9999866485595703}",the_naughtyformer-47,alice
138,"{'label': 'LABEL_1', 'score': 0.9999904632568359}",the_naughtyformer-47,alice
139,"{'label': 'LABEL_1', 'score': 0.9999914169311523}",the_naughtyformer-47,alice
140,"{'label': 'LABEL_1', 'score': 0.9999905824661255}",the_naughtyformer-47,alice
141,"{'label': 'LABEL_1', 'score': 0.9999902248382568}",the_naughtyformer-47,alice
142,"{'label': 'LABEL_1', 'score': 0.9999904632568359}",the_naughtyformer-47,alice
143,"{'label': 'LABEL_1', 'score': 0.9999904632568359}",the_naughtyformer-47,alice
144,"{'label': 'LABEL_1', 'score': 0.9999915361404419}",the_naughtyformer-47,alice
145,"{'label': 'LABEL_1', 'score': 0.9999915361404419}",the_naughtyformer-47,alice
146,"{'label': 'LABEL_1', 'score': 0.9999909400939941}",the_naughtyformer-47,alice
147,"{'label': 'LABEL_1', 'score': 0.9999911785125732}",the_naughtyformer-47,alice
148,"{'label': 'LABEL_1', 'score': 0.9999908208847046}",the_naughtyformer-47,alice
149,"{'label': 'LABEL_1', 'score': 0.9999865293502808}",the_naughtyformer-47,alice
150,"{'label': 'LABEL_1', 'score': 0.9999723434448242}",the_naughtyformer-47,alice
151,"{'label': 'LABEL_1', 'score': 0.999990701675415}",the_naughtyformer-47,alice
152,"{'label': 'LABEL_1', 'score': 0.9999762773513794}",the_naughtyformer-47,alice
153,"{'label': 'LABEL_1', 'score': 0.9999903440475464}",the_naughtyformer-47,alice
154,"{'label': 'LABEL_1', 'score': 0.9999916553497314}",the_naughtyformer-47,alice
155,"{'label': 'LABEL_1', 'score': 0.9999915361404419}",the_naughtyformer-47,alice
156,"{'label': 'LABEL_1', 'score': 0.9999910593032837}",the_naughtyformer-47,alice
157,"{'label': 'LABEL_1', 'score': 0.9999908208847046}",the_naughtyformer-47,alice
158,"{'label': 'LABEL_1', 'score': 0.9999908208847046}",the_naughtyformer-47,alice
159,"{'label': 'LABEL_1', 'score': 0.9999911785125732}",the_naughtyformer-47,alice
160,"{'label': 'LABEL_1', 'score': 0.9999912977218628}",the_naughtyformer-47,alice
161,"{'label': 'LABEL_1', 'score': 0.9999914169311523}",the_naughtyformer-47,alice
162,"{'label': 'LABEL_1', 'score': 0.9999914169311523}",the_naughtyformer-47,alice
163,"{'label': 'LABEL_1', 'score': 0.9999904632568359}",the_naughtyformer-47,alice
164,"{'label': 'LABEL_1', 'score': 0.9999910593032837}",the_naughtyformer-47,alice
165,"{'label': 'LABEL_1', 'score': 0.9999911785125732}",the_naughtyformer-47,alice
166,"{'label': 'LABEL_1', 'score': 0.9999912977218628}",the_naughtyformer-47,alice
167,"{'label': 'LABEL_1', 'score': 0.9999912977218628}",the_naughtyformer-47,alice
168,"{'label': 'LABEL_1', 'score': 0.9999912977218628}",the_naughtyformer-47,alice
169,"{'label': 'LABEL_1', 'score': 0.9999904632568359}",the_naughtyformer-47,alice
170,"{'label': 'LABEL_1', 'score': 0.9999899864196777}",the_naughtyformer-47,alice
171,"{'label': 'LABEL_1', 'score': 0.9999896287918091}",the_naughtyformer-47,alice
172,"{'label': 'LABEL_1', 'score': 0.9999905824661255}",the_naughtyformer-47,alice
173,"{'label': 'LABEL_1', 'score': 0.9999910593032837}",the_naughtyformer-47,alice
174,"{'label': 'LABEL_1', 'score': 0.9999910593032837}",the_naughtyformer-47,alice
175,"{'label': 'LABEL_1', 'score': 0.9999908208847046}",the_naughtyformer-47,alice
176,"{'label': 'LABEL_1', 'score': 0.9999909400939941}",the_naughtyformer-47,alice
177,"{'label': 'LABEL_1', 'score': 0.9999903440475464}",the_naughtyformer-47,alice
178,"{'label': 'LABEL_1', 'score': 0.9999899864196777}",the_naughtyformer-47,alice
179,"{'label': 'LABEL_1', 'score': 0.9999912977218628}",the_naughtyformer-47,alice
180,"{'label': 'LABEL_1', 'score': 0.9999887943267822}",the_naughtyformer-47,alice
181,"{'label': 'LABEL_1', 'score': 0.9999909400939941}",the_naughtyformer-47,alice
182,"{'label': 'LABEL_1', 'score': 0.9999908208847046}",the_naughtyformer-47,alice
183,"{'label': 'LABEL_1', 'score': 0.9999914169311523}",the_naughtyformer-47,alice
184,"{'label': 'LABEL_1', 'score': 0.9999911785125732}",the_naughtyformer-47,alice
185,"{'label': 'LABEL_1', 'score': 0.9999914169311523}",the_naughtyformer-47,alice
186,"{'label': 'LABEL_1', 'score': 0.9999914169311523}",the_naughtyformer-47,alice
187,"{'label': 'LABEL_1', 'score': 0.9999915361404419}",the_naughtyformer-47,alice
188,"{'label': 'LABEL_1', 'score': 0.9999909400939941}",the_naughtyformer-47,alice
189,"{'label': 'LABEL_1', 'score': 0.9999915361404419}",the_naughtyformer-47,alice
190,"{'label': 'LABEL_1', 'score': 0.9999916553497314}",the_naughtyformer-47,alice
191,"{'label': 'LABEL_1', 'score': 0.9999915361404419}",the_naughtyformer-47,alice
192,"{'label': 'LABEL_1', 'score': 0.9999914169311523}",the_naughtyformer-47,alice
193,"{'label': 'LABEL_1', 'score': 0.9999914169311523}",the_naughtyformer-47,alice
194,"{'label': 'LABEL_1', 'score': 0.999988317489624}",the_naughtyformer-47,alice
195,"{'label': 'LABEL_1', 'score': 0.9999909400939941}",the_naughtyformer-47,alice
196,"{'label': 'LABEL_1', 'score': 0.9999904632568359}",the_naughtyformer-47,alice
197,"{'label': 'LABEL_1', 'score': 0.9999903440475464}",the_naughtyformer-47,alice
198,"{'label': 'LABEL_1', 'score': 0.9999914169311523}",the_naughtyformer-47,alice
199,"{'label': 'LABEL_1', 'score': 0.9999912977218628}",the_naughtyformer-47,alice
200,"{'label': 'LABEL_1', 'score': 0.9999915361404419}",the_naughtyformer-47,alice
201,"{'label': 'LABEL_1', 'score': 0.9999912977218628}",the_naughtyformer-47,alice
202,"{'label': 'LABEL_1', 'score': 0.9999912977218628}",the_naughtyformer-47,alice
203,"{'label': 'LABEL_1', 'score': 0.9999902248382568}",the_naughtyformer-47,alice
204,"{'label': 'LABEL_1', 'score': 0.9999889135360718}",the_naughtyformer-47,alice
205,"{'label': 'LABEL_1', 'score': 0.9999896287918091}",the_naughtyformer-47,alice
206,"{'label': 'LABEL_1', 'score': 0.9999910593032837}",the_naughtyformer-47,alice
207,"{'label': 'LABEL_1', 'score': 0.9999914169311523}",the_naughtyformer-47,alice
208,"{'label': 'LABEL_1', 'score': 0.9999915361404419}",the_naughtyformer-47,alice
209,"{'label': 'LABEL_1', 'score': 0.9999915361404419}",the_naughtyformer-47,alice
210,"{'label': 'LABEL_1', 'score': 0.9999911785125732}",the_naughtyformer-47,alice
211,"{'label': 'LABEL_1', 'score': 0.9999909400939941}",the_naughtyformer-47,alice
212,"{'label': 'LABEL_1', 'score': 0.9999908208847046}",the_naughtyformer-47,alice
213,"{'label': 'LABEL_1', 'score': 0.999990701675415}",the_naughtyformer-47,alice
214,"{'label': 'LABEL_1', 'score': 0.9999910593032837}",the_naughtyformer-47,alice
215,"{'label': 'LABEL_1', 'score': 0.9999915361404419}",the_naughtyformer-47,alice
216,"{'label': 'LABEL_1', 'score': 0.9999916553497314}",the_naughtyformer-47,alice
217,"{'label': 'LABEL_1', 'score': 0.9999916553497314}",the_naughtyformer-47,alice
218,"{'label': 'LABEL_1', 'score': 0.9999915361404419}",the_naughtyformer-47,alice
219,"{'label': 'LABEL_1', 'score': 0.9999915361404419}",the_naughtyformer-47,alice
220,"{'label': 'LABEL_1', 'score': 0.9999915361404419}",the_naughtyformer-47,alice
221,"{'label': 'LABEL_1', 'score': 0.9999910593032837}",the_naughtyformer-47,alice
222,"{'label': 'LABEL_1', 'score': 0.9999864101409912}",the_naughtyformer-47,alice
223,"{'label': 'LABEL_1', 'score': 0.9999808073043823}",the_naughtyformer-47,alice
224,"{'label': 'LABEL_1', 'score': 0.9999911785125732}",the_naughtyformer-47,alice
225,"{'label': 'LABEL_1', 'score': 0.9999912977218628}",the_naughtyformer-47,alice
226,"{'label': 'LABEL_1', 'score': 0.9999905824661255}",the_naughtyformer-47,alice
227,"{'label': 'LABEL_1', 'score': 0.9999899864196777}",the_naughtyformer-47,alice
228,"{'label': 'LABEL_1', 'score': 0.9999903440475464}",the_naughtyformer-47,alice
229,"{'label': 'LABEL_1', 'score': 0.9999904632568359}",the_naughtyformer-47,alice
230,"{'label': 'LABEL_1', 'score': 0.9999837875366211}",the_naughtyformer-47,alice
231,"{'label': 'LABEL_1', 'score': 0.999990701675415}",the_naughtyformer-47,alice
232,"{'label': 'LABEL_1', 'score': 0.9999909400939941}",the_naughtyformer-47,alice
233,"{'label': 'LABEL_1', 'score': 0.9999910593032837}",the_naughtyformer-47,alice
234,"{'label': 'LABEL_1', 'score': 0.9999687671661377}",the_naughtyformer-47,alice
235,"{'label': 'LABEL_1', 'score': 0.9999784231185913}",the_naughtyformer-47,alice
236,"{'label': 'LABEL_1', 'score': 0.9999914169311523}",the_naughtyformer-47,alice
237,"{'label': 'LABEL_1', 'score': 0.9999914169311523}",the_naughtyformer-47,alice
238,"{'label': 'LABEL_1', 'score': 0.9999910593032837}",the_naughtyformer-47,alice
239,"{'label': 'LABEL_1', 'score': 0.9999908208847046}",the_naughtyformer-47,alice
240,"{'label': 'LABEL_1', 'score': 0.9999903440475464}",the_naughtyformer-47,alice
241,"{'label': 'LABEL_1', 'score': 0.9999910593032837}",the_naughtyformer-47,alice
242,"{'label': 'LABEL_1', 'score': 0.9999914169311523}",the_naughtyformer-47,alice
243,"{'label': 'LABEL_1', 'score': 0.9999904632568359}",the_naughtyformer-47,alice
244,"{'label': 'LABEL_1', 'score': 0.9999908208847046}",the_naughtyformer-47,alice
245,"{'label': 'LABEL_1', 'score': 0.9999908208847046}",the_naughtyformer-47,alice
246,"{'label': 'LABEL_1', 'score': 0.9999915361404419}",the_naughtyformer-47,alice
247,"{'label': 'LABEL_1', 'score': 0.9999909400939941}",the_naughtyformer-47,alice
248,"{'label': 'LABEL_1', 'score': 0.9999911785125732}",the_naughtyformer-47,alice
249,"{'label': 'LABEL_1', 'score': 0.9999915361404419}",the_naughtyformer-47,alice
250,"{'label': 'LABEL_1', 'score': 0.9999914169311523}",the_naughtyformer-47,alice
251,"{'label': 'LABEL_1', 'score': 0.9999911785125732}",the_naughtyformer-47,alice
252,"{'label': 'LABEL_1', 'score': 0.9999912977218628}",the_naughtyformer-47,alice
253,"{'label': 'LABEL_1', 'score': 0.9999915361404419}",the_naughtyformer-47,alice
254,"{'label': 'LABEL_1', 'score': 0.9999911785125732}",the_naughtyformer-47,alice
255,"{'label': 'LABEL_1', 'score': 0.999990701675415}",the_naughtyformer-47,alice
256,"{'label': 'LABEL_1', 'score': 0.9999914169311523}",the_naughtyformer-47,alice
257,"{'label': 'LABEL_1', 'score': 0.9999916553497314}",the_naughtyformer-47,alice
258,"{'label': 'LABEL_1', 'score': 0.9999915361404419}",the_naughtyformer-47,alice
259,"{'label': 'LABEL_1', 'score': 0.9999903440475464}",the_naughtyformer-47,alice
260,"{'label': 'LABEL_1', 'score': 0.9999908208847046}",the_naughtyformer-47,alice
261,"{'label': 'LABEL_1', 'score': 0.9999916553497314}",the_naughtyformer-47,alice
262,"{'label': 'LABEL_1', 'score': 0.9999916553497314}",the_naughtyformer-47,alice
263,"{'label': 'LABEL_1', 'score': 0.9999914169311523}",the_naughtyformer-47,alice
264,"{'label': 'LABEL_1', 'score': 0.9999909400939941}",the_naughtyformer-47,alice
265,"{'label': 'LABEL_1', 'score': 0.9999909400939941}",the_naughtyformer-47,alice
266,"{'label': 'LABEL_1', 'score': 0.9999904632568359}",the_naughtyformer-47,alice
267,"{'label': 'LABEL_1', 'score': 0.9999910593032837}",the_naughtyformer-47,alice
268,"{'label': 'LABEL_1', 'score': 0.9999915361404419}",the_naughtyformer-47,alice
269,"{'label': 'LABEL_1', 'score': 0.9999915361404419}",the_naughtyformer-47,alice
270,"{'label': 'LABEL_1', 'score': 0.9999912977218628}",the_naughtyformer-47,alice
271,"{'label': 'LABEL_1', 'score': 0.9999914169311523}",the_naughtyformer-47,alice
272,"{'label': 'LABEL_1', 'score': 0.999990701675415}",the_naughtyformer-47,alice
273,"{'label': 'LABEL_1', 'score': 0.9999909400939941}",the_naughtyformer-47,alice
274,"{'label': 'LABEL_1', 'score': 0.9999912977218628}",the_naughtyformer-47,alice
275,"{'label': 'LABEL_1', 'score': 0.9999914169311523}",the_naughtyformer-47,alice
276,"{'label': 'LABEL_1', 'score': 0.9999905824661255}",the_naughtyformer-47,alice
277,"{'label': 'LABEL_1', 'score': 0.9999914169311523}",the_naughtyformer-47,alice
278,"{'label': 'LABEL_1', 'score': 0.99998939037323}",the_naughtyformer-47,alice
279,"{'label': 'LABEL_1', 'score': 0.9999901056289673}",the_naughtyformer-47,alice
280,"{'label': 'LABEL_1', 'score': 0.9999914169311523}",the_naughtyformer-47,alice
281,"{'label': 'LABEL_1', 'score': 0.9999910593032837}",the_naughtyformer-47,alice
282,"{'label': 'LABEL_1', 'score': 0.9999915361404419}",the_naughtyformer-47,alice
283,"{'label': 'LABEL_1', 'score': 0.9999915361404419}",the_naughtyformer-47,alice
284,"{'label': 'LABEL_1', 'score': 0.9999914169311523}",the_naughtyformer-47,alice
285,"{'label': 'LABEL_1', 'score': 0.9999910593032837}",the_naughtyformer-47,alice
286,"{'label': 'LABEL_1', 'score': 0.9999914169311523}",the_naughtyformer-47,alice
287,"{'label': 'LABEL_1', 'score': 0.9999915361404419}",the_naughtyformer-47,alice
288,"{'label': 'LABEL_1', 'score': 0.9999910593032837}",the_naughtyformer-47,alice
289,"{'label': 'LABEL_1', 'score': 0.9999915361404419}",the_naughtyformer-47,alice
290,"{'label': 'LABEL_1', 'score': 0.9999914169311523}",the_naughtyformer-47,alice
291,"{'label': 'LABEL_1', 'score': 0.9999911785125732}",the_naughtyformer-47,alice
292,"{'label': 'LABEL_1', 'score': 0.9999912977218628}",the_naughtyformer-47,alice
293,"{'label': 'LABEL_1', 'score': 0.9999914169311523}",the_naughtyformer-47,alice
294,"{'label': 'LABEL_1', 'score': 0.9999915361404419}",the_naughtyformer-47,alice
295,"{'label': 'LABEL_1', 'score': 0.9999916553497314}",the_naughtyformer-47,alice
296,"{'label': 'LABEL_1', 'score': 0.9999916553497314}",the_naughtyformer-47,alice
297,"{'label': 'LABEL_1', 'score': 0.9999916553497314}",the_naughtyformer-47,alice
298,"{'label': 'LABEL_1', 'score': 0.9999910593032837}",the_naughtyformer-47,alice
299,"{'label': 'LABEL_1', 'score': 0.9999904632568359}",the_naughtyformer-47,alice
300,"{'label': 'LABEL_1', 'score': 0.9999903440475464}",the_naughtyformer-47,alice
301,"{'label': 'LABEL_1', 'score': 0.9999916553497314}",the_naughtyformer-47,alice
302,"{'label': 'LABEL_1', 'score': 0.999991774559021}",the_naughtyformer-47,alice
303,"{'label': 'LABEL_1', 'score': 0.9999916553497314}",the_naughtyformer-47,alice
304,"{'label': 'LABEL_1', 'score': 0.9999915361404419}",the_naughtyformer-47,alice
305,"{'label': 'LABEL_1', 'score': 0.9999912977218628}",the_naughtyformer-47,alice
306,"{'label': 'LABEL_1', 'score': 0.9999914169311523}",the_naughtyformer-47,alice
307,"{'label': 'LABEL_1', 'score': 0.9999916553497314}",the_naughtyformer-47,alice
308,"{'label': 'LABEL_1', 'score': 0.9999911785125732}",the_naughtyformer-47,alice
309,"{'label': 'LABEL_1', 'score': 0.9999909400939941}",the_naughtyformer-47,alice
310,"{'label': 'LABEL_1', 'score': 0.9999908208847046}",the_naughtyformer-47,alice
311,"{'label': 'LABEL_1', 'score': 0.9999916553497314}",the_naughtyformer-47,alice
312,"{'label': 'LABEL_1', 'score': 0.9999905824661255}",the_naughtyformer-47,alice
313,"{'label': 'LABEL_1', 'score': 0.9999881982803345}",the_naughtyformer-47,alice
314,"{'label': 'LABEL_1', 'score': 0.999990701675415}",the_naughtyformer-47,alice
315,"{'label': 'LABEL_1', 'score': 0.9999911785125732}",the_naughtyformer-47,alice
316,"{'label': 'LABEL_1', 'score': 0.9999915361404419}",the_naughtyformer-47,alice
317,"{'label': 'LABEL_1', 'score': 0.9999911785125732}",the_naughtyformer-47,alice
318,"{'label': 'LABEL_1', 'score': 0.999990701675415}",the_naughtyformer-47,alice
319,"{'label': 'LABEL_1', 'score': 0.9999911785125732}",the_naughtyformer-47,alice
320,"{'label': 'LABEL_1', 'score': 0.9999911785125732}",the_naughtyformer-47,alice
321,"{'label': 'LABEL_1', 'score': 0.9999911785125732}",the_naughtyformer-47,alice
322,"{'label': 'LABEL_1', 'score': 0.999987006187439}",the_naughtyformer-47,alice
323,"{'label': 'LABEL_1', 'score': 0.9999908208847046}",the_naughtyformer-47,alice
324,"{'label': 'LABEL_1', 'score': 0.9999909400939941}",the_naughtyformer-47,alice
325,"{'label': 'LABEL_1', 'score': 0.9999839067459106}",the_naughtyformer-47,alice
326,"{'label': 'LABEL_1', 'score': 0.9999910593032837}",the_naughtyformer-47,alice
327,"{'label': 'LABEL_1', 'score': 0.9999915361404419}",the_naughtyformer-47,alice
328,"{'label': 'LABEL_1', 'score': 0.999991774559021}",the_naughtyformer-47,alice
329,"{'label': 'LABEL_1', 'score': 0.9999912977218628}",the_naughtyformer-47,alice
330,"{'label': 'LABEL_1', 'score': 0.9999853372573853}",the_naughtyformer-47,alice
331,"{'label': 'LABEL_1', 'score': 0.9999910593032837}",the_naughtyformer-47,alice
332,"{'label': 'LABEL_1', 'score': 0.9999908208847046}",the_naughtyformer-47,alice
333,"{'label': 'LABEL_1', 'score': 0.9999886751174927}",the_naughtyformer-47,alice
334,"{'label': 'LABEL_1', 'score': 0.99998939037323}",the_naughtyformer-47,alice
335,"{'label': 'LABEL_1', 'score': 0.9999905824661255}",the_naughtyformer-47,alice
336,"{'label': 'LABEL_1', 'score': 0.999990701675415}",the_naughtyformer-47,alice
337,"{'label': 'LABEL_1', 'score': 0.9999912977218628}",the_naughtyformer-47,alice
338,"{'label': 'LABEL_1', 'score': 0.9999914169311523}",the_naughtyformer-47,alice
339,"{'label': 'LABEL_1', 'score': 0.9999858140945435}",the_naughtyformer-47,alice
340,"{'label': 'LABEL_1', 'score': 0.9998248219490051}",the_naughtyformer-47,alice
341,"{'label': 'LABEL_1', 'score': 0.9999912977218628}",the_naughtyformer-47,alice
342,"{'label': 'LABEL_1', 'score': 0.9999914169311523}",the_naughtyformer-47,alice
343,"{'label': 'LABEL_1', 'score': 0.9999653100967407}",the_naughtyformer-47,alice
344,"{'label': 'LABEL_1', 'score': 0.999983549118042}",the_naughtyformer-47,alice
345,"{'label': 'LABEL_1', 'score': 0.9999877214431763}",the_naughtyformer-47,alice
346,"{'label': 'LABEL_1', 'score': 0.9999839067459106}",the_naughtyformer-47,alice
347,"{'label': 'LABEL_1', 'score': 0.9999908208847046}",the_naughtyformer-47,alice
348,"{'label': 'LABEL_1', 'score': 0.9999909400939941}",the_naughtyformer-47,alice
349,"{'label': 'LABEL_1', 'score': 0.9999905824661255}",the_naughtyformer-47,alice
350,"{'label': 'LABEL_1', 'score': 0.9999904632568359}",the_naughtyformer-47,alice
351,"{'label': 'LABEL_1', 'score': 0.9999912977218628}",the_naughtyformer-47,alice
352,"{'label': 'LABEL_1', 'score': 0.9999915361404419}",the_naughtyformer-47,alice
353,"{'label': 'LABEL_1', 'score': 0.9999908208847046}",the_naughtyformer-47,alice
354,"{'label': 'LABEL_1', 'score': 0.9999911785125732}",the_naughtyformer-47,alice
355,"{'label': 'LABEL_1', 'score': 0.9999915361404419}",the_naughtyformer-47,alice
356,"{'label': 'LABEL_1', 'score': 0.9999905824661255}",the_naughtyformer-47,alice
357,"{'label': 'LABEL_1', 'score': 0.9999897480010986}",the_naughtyformer-47,alice
358,"{'label': 'LABEL_1', 'score': 0.9999916553497314}",the_naughtyformer-47,alice
359,"{'label': 'LABEL_1', 'score': 0.9999914169311523}",the_naughtyformer-47,alice
360,"{'label': 'LABEL_1', 'score': 0.9999914169311523}",the_naughtyformer-47,alice
361,"{'label': 'LABEL_1', 'score': 0.9999912977218628}",the_naughtyformer-47,alice
362,"{'label': 'LABEL_1', 'score': 0.9999904632568359}",the_naughtyformer-47,alice
363,"{'label': 'LABEL_1', 'score': 0.9999902248382568}",the_naughtyformer-47,alice
364,"{'label': 'LABEL_1', 'score': 0.9999909400939941}",the_naughtyformer-47,alice
365,"{'label': 'LABEL_1', 'score': 0.9999903440475464}",the_naughtyformer-47,alice
366,"{'label': 'LABEL_1', 'score': 0.9999909400939941}",the_naughtyformer-47,alice
367,"{'label': 'LABEL_1', 'score': 0.9999908208847046}",the_naughtyformer-47,alice
368,"{'label': 'LABEL_1', 'score': 0.9999905824661255}",the_naughtyformer-47,alice
369,"{'label': 'LABEL_1', 'score': 0.9999904632568359}",the_naughtyformer-47,alice
370,"{'label': 'LABEL_1', 'score': 0.9999912977218628}",the_naughtyformer-47,alice
371,"{'label': 'LABEL_1', 'score': 0.9999915361404419}",the_naughtyformer-47,alice
372,"{'label': 'LABEL_1', 'score': 0.9999914169311523}",the_naughtyformer-47,alice
373,"{'label': 'LABEL_1', 'score': 0.9999914169311523}",the_naughtyformer-47,alice
374,"{'label': 'LABEL_1', 'score': 0.9999916553497314}",the_naughtyformer-47,alice
375,"{'label': 'LABEL_1', 'score': 0.9999914169311523}",the_naughtyformer-47,alice
376,"{'label': 'LABEL_1', 'score': 0.9999916553497314}",the_naughtyformer-47,alice
377,"{'label': 'LABEL_1', 'score': 0.9999916553497314}",the_naughtyformer-47,alice
378,"{'label': 'LABEL_1', 'score': 0.9999901056289673}",the_naughtyformer-47,alice
379,"{'label': 'LABEL_1', 'score': 0.9999912977218628}",the_naughtyformer-47,alice
380,"{'label': 'LABEL_1', 'score': 0.9999911785125732}",the_naughtyformer-47,alice
381,"{'label': 'LABEL_1', 'score': 0.9999912977218628}",the_naughtyformer-47,alice
382,"{'label': 'LABEL_1', 'score': 0.9999912977218628}",the_naughtyformer-47,alice
383,"{'label': 'LABEL_1', 'score': 0.9999904632568359}",the_naughtyformer-47,alice
384,"{'label': 'LABEL_1', 'score': 0.999983549118042}",the_naughtyformer-47,alice
385,"{'label': 'LABEL_1', 'score': 0.9999885559082031}",the_naughtyformer-47,alice
386,"{'label': 'LABEL_1', 'score': 0.9999908208847046}",the_naughtyformer-47,alice
387,"{'label': 'LABEL_1', 'score': 0.999990701675415}",the_naughtyformer-47,alice
388,"{'label': 'LABEL_1', 'score': 0.9999678134918213}",the_naughtyformer-47,alice
389,"{'label': 'LABEL_1', 'score': 0.9999904632568359}",the_naughtyformer-47,alice
390,"{'label': 'LABEL_1', 'score': 0.9999903440475464}",the_naughtyformer-47,alice
391,"{'label': 'LABEL_1', 'score': 0.9999895095825195}",the_naughtyformer-47,alice
392,"{'label': 'LABEL_1', 'score': 0.9999910593032837}",the_naughtyformer-47,alice
393,"{'label': 'LABEL_1', 'score': 0.9999912977218628}",the_naughtyformer-47,alice
394,"{'label': 'LABEL_1', 'score': 0.9999911785125732}",the_naughtyformer-47,alice
395,"{'label': 'LABEL_1', 'score': 0.9999909400939941}",the_naughtyformer-47,alice
396,"{'label': 'LABEL_1', 'score': 0.9999903440475464}",the_naughtyformer-47,alice
397,"{'label': 'LABEL_1', 'score': 0.9999904632568359}",the_naughtyformer-47,alice
398,"{'label': 'LABEL_1', 'score': 0.9999912977218628}",the_naughtyformer-47,alice
399,"{'label': 'LABEL_1', 'score': 0.9999915361404419}",the_naughtyformer-47,alice
400,"{'label': 'LABEL_1', 'score': 0.9999911785125732}",the_naughtyformer-47,alice
401,"{'label': 'LABEL_1', 'score': 0.9999912977218628}",the_naughtyformer-47,alice
402,"{'label': 'LABEL_1', 'score': 0.9999904632568359}",the_naughtyformer-47,alice
403,"{'label': 'LABEL_1', 'score': 0.999990701675415}",the_naughtyformer-47,alice
404,"{'label': 'LABEL_1', 'score': 0.9999915361404419}",the_naughtyformer-47,alice
405,"{'label': 'LABEL_1', 'score': 0.9999914169311523}",the_naughtyformer-47,alice
406,"{'label': 'LABEL_1', 'score': 0.9999909400939941}",the_naughtyformer-47,alice
407,"{'label': 'LABEL_1', 'score': 0.9999908208847046}",the_naughtyformer-47,alice
408,"{'label': 'LABEL_1', 'score': 0.999990701675415}",the_naughtyformer-47,alice
409,"{'label': 'LABEL_1', 'score': 0.9999878406524658}",the_naughtyformer-47,alice
410,"{'label': 'LABEL_1', 'score': 0.9999909400939941}",the_naughtyformer-47,alice
411,"{'label': 'LABEL_1', 'score': 0.9999911785125732}",the_naughtyformer-47,alice
412,"{'label': 'LABEL_1', 'score': 0.9999912977218628}",the_naughtyformer-47,alice
413,"{'label': 'LABEL_1', 'score': 0.9999916553497314}",the_naughtyformer-47,alice
414,"{'label': 'LABEL_1', 'score': 0.9999915361404419}",the_naughtyformer-47,alice
415,"{'label': 'LABEL_1', 'score': 0.999990701675415}",the_naughtyformer-47,alice
416,"{'label': 'LABEL_1', 'score': 0.9999912977218628}",the_naughtyformer-47,alice
417,"{'label': 'LABEL_1', 'score': 0.9999914169311523}",the_naughtyformer-47,alice
418,"{'label': 'LABEL_1', 'score': 0.9999914169311523}",the_naughtyformer-47,alice
419,"{'label': 'LABEL_1', 'score': 0.9999915361404419}",the_naughtyformer-47,alice
420,"{'label': 'LABEL_1', 'score': 0.9999916553497314}",the_naughtyformer-47,alice
421,"{'label': 'LABEL_1', 'score': 0.9999916553497314}",the_naughtyformer-47,alice
422,"{'label': 'LABEL_1', 'score': 0.9999915361404419}",the_naughtyformer-47,alice
423,"{'label': 'LABEL_1', 'score': 0.9999915361404419}",the_naughtyformer-47,alice
424,"{'label': 'LABEL_1', 'score': 0.9999916553497314}",the_naughtyformer-47,alice
425,"{'label': 'LABEL_1', 'score': 0.9999915361404419}",the_naughtyformer-47,alice
426,"{'label': 'LABEL_1', 'score': 0.9999910593032837}",the_naughtyformer-47,alice
427,"{'label': 'LABEL_1', 'score': 0.999990701675415}",the_naughtyformer-47,alice
428,"{'label': 'LABEL_1', 'score': 0.9999897480010986}",the_naughtyformer-47,alice
429,"{'label': 'LABEL_1', 'score': 0.999990701675415}",the_naughtyformer-47,alice
430,"{'label': 'LABEL_1', 'score': 0.9999912977218628}",the_naughtyformer-47,alice
431,"{'label': 'LABEL_1', 'score': 0.99998939037323}",the_naughtyformer-47,alice
432,"{'label': 'LABEL_1', 'score': 0.9999891519546509}",the_naughtyformer-47,alice
433,"{'label': 'LABEL_1', 'score': 0.9999892711639404}",the_naughtyformer-47,alice
434,"{'label': 'LABEL_1', 'score': 0.9999856948852539}",the_naughtyformer-47,alice
435,"{'label': 'LABEL_1', 'score': 0.9998502731323242}",the_naughtyformer-47,alice
436,"{'label': 'LABEL_1', 'score': 0.9999483823776245}",the_naughtyformer-47,alice
437,"{'label': 'LABEL_1', 'score': 0.9999798536300659}",the_naughtyformer-47,alice
438,"{'label': 'LABEL_1', 'score': 0.9999909400939941}",the_naughtyformer-47,alice
439,"{'label': 'LABEL_1', 'score': 0.9999914169311523}",the_naughtyformer-47,alice
440,"{'label': 'LABEL_1', 'score': 0.9999911785125732}",the_naughtyformer-47,alice
441,"{'label': 'LABEL_1', 'score': 0.9999903440475464}",the_naughtyformer-47,alice
442,"{'label': 'LABEL_1', 'score': 0.9999897480010986}",the_naughtyformer-47,alice
443,"{'label': 'LABEL_1', 'score': 0.9999904632568359}",the_naughtyformer-47,alice
444,"{'label': 'LABEL_1', 'score': 0.9999909400939941}",the_naughtyformer-47,alice
445,"{'label': 'LABEL_1', 'score': 0.9999879598617554}",the_naughtyformer-47,alice
446,"{'label': 'LABEL_1', 'score': 0.9999399185180664}",the_naughtyformer-47,alice
447,"{'label': 'LABEL_1', 'score': 0.9999911785125732}",the_naughtyformer-47,alice
448,"{'label': 'LABEL_1', 'score': 0.9999910593032837}",the_naughtyformer-47,alice
449,"{'label': 'LABEL_1', 'score': 0.9999911785125732}",the_naughtyformer-47,alice
450,"{'label': 'LABEL_1', 'score': 0.999990701675415}",the_naughtyformer-47,alice
451,"{'label': 'LABEL_1', 'score': 0.9999902248382568}",the_naughtyformer-47,alice
452,"{'label': 'LABEL_1', 'score': 0.999990701675415}",the_naughtyformer-47,alice
453,"{'label': 'LABEL_1', 'score': 0.9999904632568359}",the_naughtyformer-47,alice
454,"{'label': 'LABEL_1', 'score': 0.9999915361404419}",the_naughtyformer-47,alice
455,"{'label': 'LABEL_1', 'score': 0.9999909400939941}",the_naughtyformer-47,alice
456,"{'label': 'LABEL_1', 'score': 0.9999910593032837}",the_naughtyformer-47,alice
457,"{'label': 'LABEL_1', 'score': 0.9999911785125732}",the_naughtyformer-47,alice
458,"{'label': 'LABEL_1', 'score': 0.9999905824661255}",the_naughtyformer-47,alice
459,"{'label': 'LABEL_1', 'score': 0.9999911785125732}",the_naughtyformer-47,alice
460,"{'label': 'LABEL_1', 'score': 0.9999912977218628}",the_naughtyformer-47,alice
461,"{'label': 'LABEL_1', 'score': 0.999990701675415}",the_naughtyformer-47,alice
462,"{'label': 'LABEL_1', 'score': 0.9999901056289673}",the_naughtyformer-47,alice
463,"{'label': 'LABEL_1', 'score': 0.9999908208847046}",the_naughtyformer-47,alice
464,"{'label': 'LABEL_1', 'score': 0.9999914169311523}",the_naughtyformer-47,alice
465,"{'label': 'LABEL_1', 'score': 0.9999912977218628}",the_naughtyformer-47,alice
466,"{'label': 'LABEL_1', 'score': 0.9999910593032837}",the_naughtyformer-47,alice
467,"{'label': 'LABEL_1', 'score': 0.9999910593032837}",the_naughtyformer-47,alice
468,"{'label': 'LABEL_1', 'score': 0.9999911785125732}",the_naughtyformer-47,alice
469,"{'label': 'LABEL_1', 'score': 0.9999896287918091}",the_naughtyformer-47,alice
470,"{'label': 'LABEL_1', 'score': 0.9999892711639404}",the_naughtyformer-47,alice
471,"{'label': 'LABEL_1', 'score': 0.9999915361404419}",the_naughtyformer-47,alice
472,"{'label': 'LABEL_1', 'score': 0.9999915361404419}",the_naughtyformer-47,alice
473,"{'label': 'LABEL_1', 'score': 0.9999910593032837}",the_naughtyformer-47,alice
474,"{'label': 'LABEL_1', 'score': 0.9999887943267822}",the_naughtyformer-47,alice
475,"{'label': 'LABEL_1', 'score': 0.9999903440475464}",the_naughtyformer-47,alice
476,"{'label': 'LABEL_1', 'score': 0.9999912977218628}",the_naughtyformer-47,alice
477,"{'label': 'LABEL_1', 'score': 0.9999910593032837}",the_naughtyformer-47,alice
478,"{'label': 'LABEL_1', 'score': 0.9999911785125732}",the_naughtyformer-47,alice
479,"{'label': 'LABEL_1', 'score': 0.9999908208847046}",the_naughtyformer-47,alice
480,"{'label': 'LABEL_1', 'score': 0.9999910593032837}",the_naughtyformer-47,alice
481,"{'label': 'LABEL_1', 'score': 0.9999914169311523}",the_naughtyformer-47,alice
482,"{'label': 'LABEL_1', 'score': 0.9999909400939941}",the_naughtyformer-47,alice
483,"{'label': 'LABEL_1', 'score': 0.9999910593032837}",the_naughtyformer-47,alice
484,"{'label': 'LABEL_1', 'score': 0.9999914169311523}",the_naughtyformer-47,alice
485,"{'label': 'LABEL_1', 'score': 0.9999909400939941}",the_naughtyformer-47,alice
486,"{'label': 'LABEL_1', 'score': 0.9999914169311523}",the_naughtyformer-47,alice
487,"{'label': 'LABEL_1', 'score': 0.9999916553497314}",the_naughtyformer-47,alice
488,"{'label': 'LABEL_1', 'score': 0.9999916553497314}",the_naughtyformer-47,alice
489,"{'label': 'LABEL_1', 'score': 0.9999914169311523}",the_naughtyformer-47,alice
490,"{'label': 'LABEL_1', 'score': 0.9999910593032837}",the_naughtyformer-47,alice
491,"{'label': 'LABEL_1', 'score': 0.9999876022338867}",the_naughtyformer-47,alice
492,"{'label': 'LABEL_1', 'score': 0.9999877214431763}",the_naughtyformer-47,alice
493,"{'label': 'LABEL_1', 'score': 0.9999912977218628}",the_naughtyformer-47,alice
494,"{'label': 'LABEL_1', 'score': 0.9999908208847046}",the_naughtyformer-47,alice
495,"{'label': 'LABEL_1', 'score': 0.9982637763023376}",the_naughtyformer-47,alice
496,"{'label': 'LABEL_1', 'score': 0.9999914169311523}",the_naughtyformer-47,alice
497,"{'label': 'LABEL_1', 'score': 0.9999905824661255}",the_naughtyformer-47,alice
498,"{'label': 'LABEL_1', 'score': 0.9999911785125732}",the_naughtyformer-47,alice
499,"{'label': 'LABEL_1', 'score': 0.9999915361404419}",the_naughtyformer-47,alice
500,"{'label': 'LABEL_1', 'score': 0.9999915361404419}",the_naughtyformer-47,alice
501,"{'label': 'LABEL_1', 'score': 0.9999910593032837}",the_naughtyformer-47,alice
502,"{'label': 'LABEL_1', 'score': 0.9999912977218628}",the_naughtyformer-47,alice
503,"{'label': 'LABEL_1', 'score': 0.9999914169311523}",the_naughtyformer-47,alice
504,"{'label': 'LABEL_1', 'score': 0.9999916553497314}",the_naughtyformer-47,alice
505,"{'label': 'LABEL_1', 'score': 0.9999892711639404}",the_naughtyformer-47,alice
506,"{'label': 'LABEL_1', 'score': 0.999984860420227}",the_naughtyformer-47,alice
507,"{'label': 'LABEL_1', 'score': 0.9999912977218628}",the_naughtyformer-47,alice
508,"{'label': 'LABEL_1', 'score': 0.9999914169311523}",the_naughtyformer-47,alice
509,"{'label': 'LABEL_1', 'score': 0.9999916553497314}",the_naughtyformer-47,alice
510,"{'label': 'LABEL_1', 'score': 0.9999914169311523}",the_naughtyformer-47,alice
511,"{'label': 'LABEL_1', 'score': 0.9999912977218628}",the_naughtyformer-47,alice
512,"{'label': 'LABEL_1', 'score': 0.9999916553497314}",the_naughtyformer-47,alice
513,"{'label': 'LABEL_1', 'score': 0.9999818801879883}",the_naughtyformer-47,alice
514,"{'label': 'LABEL_1', 'score': 0.9999877214431763}",the_naughtyformer-47,alice
515,"{'label': 'LABEL_1', 'score': 0.9999912977218628}",the_naughtyformer-47,alice
516,"{'label': 'LABEL_1', 'score': 0.9999911785125732}",the_naughtyformer-47,alice
517,"{'label': 'LABEL_1', 'score': 0.9999910593032837}",the_naughtyformer-47,alice
518,"{'label': 'LABEL_1', 'score': 0.9999916553497314}",the_naughtyformer-47,alice
519,"{'label': 'LABEL_1', 'score': 0.9999916553497314}",the_naughtyformer-47,alice
520,"{'label': 'LABEL_1', 'score': 0.9999916553497314}",the_naughtyformer-47,alice
521,"{'label': 'LABEL_1', 'score': 0.9999914169311523}",the_naughtyformer-47,alice
522,"{'label': 'LABEL_1', 'score': 0.9999914169311523}",the_naughtyformer-47,alice
523,"{'label': 'LABEL_1', 'score': 0.9999915361404419}",the_naughtyformer-47,alice
524,"{'label': 'LABEL_1', 'score': 0.9999912977218628}",the_naughtyformer-47,alice
525,"{'label': 'LABEL_1', 'score': 0.9999916553497314}",the_naughtyformer-47,alice
526,"{'label': 'LABEL_1', 'score': 0.9999911785125732}",the_naughtyformer-47,alice
527,"{'label': 'LABEL_1', 'score': 0.9999899864196777}",the_naughtyformer-47,alice
528,"{'label': 'LABEL_1', 'score': 0.9999890327453613}",the_naughtyformer-47,alice
529,"{'label': 'LABEL_1', 'score': 0.9999910593032837}",the_naughtyformer-47,alice
530,"{'label': 'LABEL_1', 'score': 0.9999915361404419}",the_naughtyformer-47,alice
531,"{'label': 'LABEL_1', 'score': 0.9999912977218628}",the_naughtyformer-47,alice
532,"{'label': 'LABEL_1', 'score': 0.9999912977218628}",the_naughtyformer-47,alice
533,"{'label': 'LABEL_1', 'score': 0.9999908208847046}",the_naughtyformer-47,alice
534,"{'label': 'LABEL_1', 'score': 0.9999910593032837}",the_naughtyformer-47,alice
535,"{'label': 'LABEL_1', 'score': 0.9999912977218628}",the_naughtyformer-47,alice
536,"{'label': 'LABEL_1', 'score': 0.9999911785125732}",the_naughtyformer-47,alice
537,"{'label': 'LABEL_1', 'score': 0.9999905824661255}",the_naughtyformer-47,alice
538,"{'label': 'LABEL_1', 'score': 0.9999912977218628}",the_naughtyformer-47,alice
539,"{'label': 'LABEL_1', 'score': 0.9999915361404419}",the_naughtyformer-47,alice
540,"{'label': 'LABEL_1', 'score': 0.9999915361404419}",the_naughtyformer-47,alice
541,"{'label': 'LABEL_1', 'score': 0.9999910593032837}",the_naughtyformer-47,alice
542,"{'label': 'LABEL_1', 'score': 0.9999908208847046}",the_naughtyformer-47,alice
543,"{'label': 'LABEL_1', 'score': 0.9999912977218628}",the_naughtyformer-47,alice
544,"{'label': 'LABEL_1', 'score': 0.9999914169311523}",the_naughtyformer-47,alice
545,"{'label': 'LABEL_1', 'score': 0.9999908208847046}",the_naughtyformer-47,alice
546,"{'label': 'LABEL_1', 'score': 0.999990701675415}",the_naughtyformer-47,alice
547,"{'label': 'LABEL_1', 'score': 0.9999904632568359}",the_naughtyformer-47,alice
548,"{'label': 'LABEL_1', 'score': 0.9999680519104004}",the_naughtyformer-47,alice
549,"{'label': 'LABEL_1', 'score': 0.9999896287918091}",the_naughtyformer-47,alice
550,"{'label': 'LABEL_1', 'score': 0.9999808073043823}",the_naughtyformer-47,alice
551,"{'label': 'LABEL_1', 'score': 0.9999885559082031}",the_naughtyformer-47,alice
552,"{'label': 'LABEL_1', 'score': 0.9999899864196777}",the_naughtyformer-47,alice
553,"{'label': 'LABEL_1', 'score': 0.9999878406524658}",the_naughtyformer-47,alice
554,"{'label': 'LABEL_1', 'score': 0.9999904632568359}",the_naughtyformer-47,alice
555,"{'label': 'LABEL_1', 'score': 0.9999858140945435}",the_naughtyformer-47,alice
556,"{'label': 'LABEL_1', 'score': 0.9999892711639404}",the_naughtyformer-47,alice
557,"{'label': 'LABEL_1', 'score': 0.9999912977218628}",the_naughtyformer-47,alice
558,"{'label': 'LABEL_1', 'score': 0.9999911785125732}",the_naughtyformer-47,alice
559,"{'label': 'LABEL_1', 'score': 0.9999916553497314}",the_naughtyformer-47,alice
560,"{'label': 'LABEL_1', 'score': 0.9999915361404419}",the_naughtyformer-47,alice
561,"{'label': 'LABEL_1', 'score': 0.9999850988388062}",the_naughtyformer-47,alice
562,"{'label': 'LABEL_1', 'score': 0.9999836683273315}",the_naughtyformer-47,alice
563,"{'label': 'LABEL_1', 'score': 0.999987006187439}",the_naughtyformer-47,alice
564,"{'label': 'LABEL_1', 'score': 0.9999905824661255}",the_naughtyformer-47,alice
565,"{'label': 'LABEL_1', 'score': 0.9999890327453613}",the_naughtyformer-47,alice
566,"{'label': 'LABEL_1', 'score': 0.9999892711639404}",the_naughtyformer-47,alice
567,"{'label': 'LABEL_1', 'score': 0.9999908208847046}",the_naughtyformer-47,alice
568,"{'label': 'LABEL_1', 'score': 0.9999905824661255}",the_naughtyformer-47,alice
569,"{'label': 'LABEL_1', 'score': 0.9999912977218628}",the_naughtyformer-47,alice
570,"{'label': 'LABEL_1', 'score': 0.9999914169311523}",the_naughtyformer-47,alice
571,"{'label': 'LABEL_1', 'score': 0.9999915361404419}",the_naughtyformer-47,alice
572,"{'label': 'LABEL_1', 'score': 0.9999905824661255}",the_naughtyformer-47,alice
573,"{'label': 'LABEL_1', 'score': 0.9999904632568359}",the_naughtyformer-47,alice
574,"{'label': 'LABEL_1', 'score': 0.9999915361404419}",the_naughtyformer-47,alice
575,"{'label': 'LABEL_1', 'score': 0.9999916553497314}",the_naughtyformer-47,alice
576,"{'label': 'LABEL_1', 'score': 0.9999916553497314}",the_naughtyformer-47,alice
577,"{'label': 'LABEL_1', 'score': 0.9999915361404419}",the_naughtyformer-47,alice
578,"{'label': 'LABEL_1', 'score': 0.9999914169311523}",the_naughtyformer-47,alice
